question,ground_truth,query_type,expected_context,difficulty
"What were the primary reasons behind Armadillo Shell Systems' decision to churn, and how did their feedback indicate dissatisfaction with our services?","Armadillo Shell Systems decided to churn primarily due to not being a match for the Ideal Customer Profile (ICP). This indicates that the company's needs or characteristics did not align with what our services were designed to cater to. The specific feedback from Armadillo Shell Systems, while not detailed in the data, suggests dissatisfaction with our services due to this mismatch.

The financial impact of their churn is significant, with an Annual Recurring Revenue (ARR) loss of $640,000.00. Their tenure with our services was 1.0 years, and they utilized products such as Daycare Services and the Senior Pet Care Package. 

In summary, the primary reason for Armadillo Shell Systems' churn was identified as not being an ICP match, leading to dissatisfaction with our offerings.",customer_specific,"Cheetah Speed Data,Armadillo Shell Systems",medium
"Which specific products did Dolphin Wave Systems utilize before their churn, and were there any particular features they found lacking?","Dolphin Wave Systems utilized the following specific products before their churn:

1. Flea & Tick Prevention
2. Daycare Services
3. AnimalCare Portal

The churn reason was identified as ""Customer Engagement,"" but there are no specific details provided regarding any particular features they found lacking.",customer_specific,Dolphin Wave Systems,medium
Can you detail the customer segment for Magpie Collect Data and their tenure with our services prior to their departure?,"Magpie Collect Data was categorized under the Enterprise customer segment. They had a tenure of 1.0 years with your services before their departure. The reason for their churn was identified as financial distress, and they lost an Annual Recurring Revenue (ARR) of $375,000.00. During their time as a customer, they utilized the following products: Flea & Tick Prevention, AnimalCare Portal, Freeze-Dried Liver, and Grain-Free Formula. No information was provided regarding competitors.",customer_specific,Magpie Collect Data,medium
"What competitive alternatives did Cheetah Speed Data consider before deciding to switch, and what features influenced their choice?","Cheetah Speed Data considered two competitive alternatives before deciding to switch: Seal Harbor Corp and Eagle Eye Corp. However, the specific features that influenced their choice are not provided in the data. The churn reason for Cheetah Speed Data was customer engagement, but there are no details on the specific aspects of the competitors that were considered or any features that influenced their final decision.",customer_specific,Cheetah Speed Data,medium
"How long had Wolf Pack Solutions been a customer before churning, and what specific products contributed to their overall experience?","Wolf Pack Solutions had been a customer for 2.1 years before churning. The specific products that contributed to their overall experience included:

1. Microchipping Service
2. AnimalCare Portal
3. Flea & Tick Prevention
4. Dental Cleaning Service

The churn reason was financial distress, and they lost an Annual Recurring Revenue (ARR) of $240,000.00.",customer_specific,Wolf Pack Solutions,medium
Did Bengal Tiger Systems report any issues with our customer support or service delivery that may have contributed to their decision to leave?,"Based on the provided data, Bengal Tiger Systems reported their churn reason as ""Financial Distress."" There is no indication or mention of any issues with customer support or service delivery that may have contributed to their decision to leave. Therefore, it can be concluded that customer support or service delivery issues were not factors in their decision to discontinue service.",customer_specific,Bengal Tiger Systems,medium
"What was the tenure of Penguin Slide Tech with our company, and what specific segments do they belong to in our market analysis?",Penguin Slide Tech had a tenure of 5.3 years with our company. They belong to the Mid-Market segment in our market analysis.,customer_specific,Penguin Slide Tech,medium
What features or benefits did Butterfly Flutter Analytics find in a competitor's offering that prompted them to switch away from our product?,"The data provided does not specify the features or benefits that Butterfly Flutter Analytics found in a competitor's offering that prompted them to switch away from your product. It only indicates that the churn reason was ""Internal Support/Champion"" with a sub-reason of ""No Response."" Therefore, I cannot provide specific details regarding the competitor's offerings or the reasons for the switch.",customer_specific,Butterfly Flutter Analytics,medium
"Did Gorilla Strength Systems experience any changes in their business needs that made our products less suitable, leading to their churn?","Gorilla Strength Systems experienced churn primarily due to issues related to customer service and success. There is no specific information in the data indicating that their business needs changed in a way that made your products less suitable. The churn resulted in an ARR loss of $175,000.00 after a tenure of 2.7 years. The data suggests that the inability to demonstrate revenue outcomes tied to the TechCorp investment was a significant factor in their decision to leave. However, it does not explicitly state that their business needs changed.",customer_specific,Gorilla Strength Systems,medium
Were there any common themes in the reasons provided by Elephant Memory Systems during their exit interview that could help us address potential churn in similar accounts?,"The exit interview for Elephant Memory Systems indicated that their churn reason was ""Financial Distress."" However, there are no additional sub-reasons provided, nor are there any specific themes or details that could help address potential churn in similar accounts. The data does not include insights or patterns that could be generalized to other customers facing similar situations.

The only related information is that another customer, Apollo, also churned due to recent market changes impacting their operations, which led to subscription cancellations. However, this does not provide specific themes or actionable insights for addressing churn in similar accounts.

In summary, based on the provided data, there are no common themes or specific insights that can be derived to help mitigate potential churn for accounts similar to Elephant Memory Systems.",customer_specific,Elephant Memory Systems,medium
How did the customer engagement levels of Armadillo Shell Systems compare to those of their peers before their churn occurred?,"The customer engagement levels of Armadillo Shell Systems compared to their peers before their churn occurred can be analyzed based on the provided data.

Armadillo Shell Systems is categorized under the Commercial segment, which has a total of 6 customers affected by churn. The average Annual Recurring Revenue (ARR) for all customers in this segment is not explicitly provided, but the overall average ARR across all segments is $102,037.

Armadillo Shell Systems had an ARR of $640,000, which is significantly higher than the average ARR of $102,037. This indicates that Armadillo Shell Systems was likely more engaged or had a higher value relationship compared to the average customer in their segment.

However, despite their higher ARR, Armadillo Shell Systems churned due to not being a match for the Ideal Customer Profile (ICP), which suggests that their engagement may not have aligned with the expected criteria for retention.

In summary, Armadillo Shell Systems had a higher engagement level in terms of ARR compared to the average of their peers in the Commercial segment, but they ultimately churned due to a misalignment with the ICP.",customer_specific,"Cheetah Speed Data,Armadillo Shell Systems",medium
"What specific product usage metrics (e.g., frequency, features used) can we analyze for Dolphin Wave Systems to better understand their churn behavior?","To analyze the product usage metrics for Dolphin Wave Systems and better understand their churn behavior, we can focus on the following aspects based on the provided data:

1. **Product Usage Frequency**: We can look into how often Dolphin Wave Systems utilized the products they subscribed to, specifically:
   - **Flea & Tick Prevention**
   - **Daycare Services**
   - **AnimalCare Portal**

   However, the specific frequency of usage for these products is not provided in the data, so we cannot analyze this aspect directly.

2. **Features Used**: We can consider the features of each product that might have been utilized by Dolphin Wave Systems. Again, the data does not specify which features of the Flea & Tick Prevention, Daycare Services, or AnimalCare Portal were used, limiting our ability to analyze this metric.

3. **Churn Reason**: The primary reason for churn is identified as ""Customer Engagement."" This suggests that understanding how engaged Dolphin Wave Systems was with the products could provide insights. However, specific engagement metrics or behaviors are not detailed in the data.

4. **Tenure**: Dolphin Wave Systems had a tenure of 2.8 years, which indicates they were a long-term customer. Analyzing how their engagement may have changed over this period could be valuable, but again, specific engagement trends over time are not provided.

5. **ARR Lost**: The annual recurring revenue (ARR) lost due to churn is $484,785.00. This figure highlights the financial impact of their churn, but it does not provide direct insights into product usage metrics.

In summary, while we can identify the products used and the reason for churn, the specific metrics regarding usage frequency and features utilized are not available in the provided data. Therefore, we cannot conduct a detailed analysis of product usage metrics for Dolphin Wave Systems based solely on the information given.",customer_specific,Dolphin Wave Systems,medium
"What are the common churn patterns observed across different customer segments such as Commercial, SMB, Mid-Market, Strategic, and Enterprise?","Based on the provided data for the Commercial segment, the common churn patterns observed include:

1. **Top Churn Reasons**: The primary reasons for customer churn in the Commercial segment are:
   - Internal Support/Champion: 7 customers
   - Customer Engagement: 6 customers
   - Financial Distress: 5 customers

2. **Average Tenure**: The average tenure of customers in this segment before churning is 2.0 years.

3. **Total ARR Lost**: The total Annual Recurring Revenue (ARR) lost due to churn in the Commercial segment amounts to $2,200,222.

However, there is no data provided for the churn patterns in the other segments (SMB, Mid-Market, Strategic, and Enterprise), so I cannot provide a comparison or common patterns across those segments. The information is limited to the Commercial segment only.",pattern_analysis,"multiple_customers,aggregate_data",medium
How does the reason for churn differ between the SMB and Enterprise segments?,"The data provided only includes information about the SMB segment. For the SMB segment, the top reasons for churn are as follows:

- **Product Quality & Experience**: 4 customers
- **Customer Engagement**: 3 customers
- **Internal Support/Champion**: 3 customers

There is no information provided about the Enterprise segment, including the number of customers, reasons for churn, or any other relevant details. Therefore, I cannot compare the reasons for churn between the SMB and Enterprise segments as the necessary data for the Enterprise segment is not available.",pattern_analysis,"multiple_customers,aggregate_data",medium
"Over the past year, have there been any notable trends in churn rates across the Mid-Market segment?","Based on the provided data for the Mid-Market segment, there are notable trends in churn rates over the past year:

1. **Total Customers**: There are 12 customers in the Mid-Market segment.
2. **Churn Reasons**: The top reasons for churn include:
   - Financial Distress: 5 customers
   - Customer Engagement: 4 customers
   - Sales Ops Clean-up: 1 customer
3. **Average Tenure**: The average tenure of customers in this segment is 3.1 years.
4. **Total ARR Lost**: The total Annual Recurring Revenue (ARR) lost due to churn is $1,704,372.

From this data, we can infer that financial distress and customer engagement are significant factors contributing to customer churn in this segment. The average tenure of 3.1 years suggests that customers may have been with the company for a considerable time before churning. The total ARR lost indicates a substantial impact on revenue due to these churned customers.

However, the data does not provide specific historical churn rates or trends over time, so we cannot determine if the churn rates have increased or decreased compared to previous periods.",pattern_analysis,"multiple_customers,aggregate_data",medium
"Which churn reason is most prevalent among Strategic accounts, and how does it compare to other segments?","Among the Strategic accounts, the most prevalent churn reasons are 'Financial Distress' and 'Customer Engagement,' with each reason accounting for 2 out of the 6 total customers. The third reason, 'Sales Process,' accounts for 1 customer. 

In comparison to other segments, there is no additional data provided regarding churn reasons for other segments, so a direct comparison cannot be made. Therefore, based solely on the provided data, 'Financial Distress' and 'Customer Engagement' are the most common reasons for churn within the Strategic segment, but we cannot assess how these compare to other segments.",pattern_analysis,"multiple_customers,aggregate_data",medium
Are there specific risk factors that correlate with increased churn within the Commercial segment?,"Yes, there are specific risk factors that correlate with increased churn within the Commercial segment based on the provided data. The top reasons for churn are as follows:

1. **Internal Support/Champion**: 7 customers cited this as a reason for leaving, indicating that a lack of internal advocacy or support within the customer's organization may lead to increased churn.
   
2. **Customer Engagement**: 6 customers reported issues related to customer engagement, suggesting that insufficient interaction or relationship management may contribute to customers deciding to leave.

3. **Financial Distress**: 5 customers indicated financial distress as a reason for churn, which points to economic factors influencing customer retention.

Additionally, the average tenure of customers in this segment is 2.0 years, which may suggest that customers are more likely to churn after a relatively short period of engagement. The total Annual Recurring Revenue (ARR) lost due to churn in this segment amounts to $2,200,222, highlighting the financial impact of these risk factors.

In summary, the specific risk factors correlating with increased churn in the Commercial segment are a lack of internal support, insufficient customer engagement, and financial distress.",pattern_analysis,"multiple_customers,aggregate_data",medium
How has customer engagement as a churn reason evolved over the last two years across all segments?,"The provided data does not include specific historical figures or trends regarding customer engagement as a churn reason over the last two years. It only presents a summary of the current situation, indicating that there are 16 total customers affected by churn due to customer engagement, distributed across various segments: 

- Commercial: 6 customers
- Mid-Market: 4 customers
- SMB: 3 customers
- Strategic: 2 customers
- Enterprise: 1 customer

Additionally, the average Annual Recurring Revenue (ARR) for these customers is $102,037. 

Without historical data or specific year-over-year comparisons, it is not possible to determine how customer engagement as a churn reason has evolved over the last two years.",pattern_analysis,"multiple_customers,aggregate_data",medium
What percentage of churn in the Enterprise segment is attributed to financial distress compared to the SMB segment?,"The data provided does not include specific information about the number of churned customers in the Enterprise segment or the total number of customers in that segment. Therefore, I cannot calculate the percentage of churn in the Enterprise segment attributed to financial distress compared to the SMB segment.

However, I can summarize the information available:

- In the SMB segment, there are 13 total customers, but the churn reasons do not include financial distress, as the top churn reasons are related to product quality, customer engagement, and internal support.
- In the financial distress churn reason summary, there is 1 customer from the SMB segment and 1 customer from the Enterprise segment affected by financial distress.

Without the total number of customers or churn details specifically for the Enterprise segment, I cannot provide the requested percentage comparison.",pattern_analysis,"multiple_customers,aggregate_data",medium
Have competitive dynamics shown a growing influence on churn rates in any specific segment over time?,"Based on the provided data, competitive dynamics have shown an influence on churn rates specifically in the 'Commercial' segment, which has 3 affected customers. The 'Mid-Market' segment has only 1 affected customer. However, the data does not provide information on how churn rates have changed over time, so it is not possible to determine if there is a growing influence on churn rates in any specific segment. Therefore, while competitive dynamics are impacting churn in the Commercial segment, the extent of this influence over time cannot be assessed with the given data.",pattern_analysis,"multiple_customers,aggregate_data",medium
How does the presence or absence of an internal support champion impact churn rates differently in the Mid-Market versus Commercial segments?,"Based on the provided data for the Commercial segment, the presence of an internal support champion appears to significantly impact churn rates. In this segment, 7 out of 33 customers cited 'Internal Support/Champion' as a top reason for churn, which is the highest among the listed reasons. This indicates that the absence of an internal support champion is a critical factor contributing to customer loss in the Commercial segment.

However, there is no data provided for the Mid-Market segment, so we cannot compare the impact of an internal support champion on churn rates between the Mid-Market and Commercial segments. Therefore, while we can conclude that the lack of an internal support champion is a major churn factor in the Commercial segment, we cannot assess how it affects churn in the Mid-Market segment due to the absence of relevant data.",pattern_analysis,"multiple_customers,aggregate_data",medium
Are there any emerging trends regarding product quality and experience that indicate an increase in churn across multiple segments?,"Based on the provided data, there are several insights regarding product quality and experience that may indicate an increase in churn across multiple segments:

1. **Churn Reasons**: The top three reasons for churn are:
   - Customer Engagement: 16
   - Financial Distress: 14
   - Internal Support/Champion: 12

   The significant number of customers citing ""Customer Engagement"" as a reason for churn suggests that there may be issues related to product quality or user experience that are not meeting customer expectations. This could indicate a trend where customers feel disengaged or unsupported, leading to increased churn.

2. **Customer Segments**: The customer segments affected by churn include:
   - Commercial: 33 customers
   - SMB: 13 customers
   - Mid-Market: 12 customers
   - Strategic: 6 customers
   - Enterprise: 4 customers

   The largest segment, Commercial, has the highest number of customers (33), which may indicate that issues in product quality or customer experience are more pronounced in this segment, potentially leading to higher churn rates.

3. **Average Tenure**: The average tenure of customers is 2.5 years. A relatively short average tenure may suggest that customers are not finding long-term value in the product, which can be linked to product quality and experience issues.

4. **Total ARR Lost**: The total Annual Recurring Revenue (ARR) lost is $6,187,907, which indicates a significant financial impact due to churn. This loss could be reflective of broader trends in customer dissatisfaction related to product quality and experience.

In summary, the data suggests emerging trends that indicate an increase in churn may be related to customer engagement issues, particularly in the Commercial segment, along with a concerning average tenure and substantial ARR loss. However, specific details on product quality metrics or customer feedback are not provided in the data, limiting a more in-depth analysis.",pattern_analysis,"multiple_customers,aggregate_data",medium
What specific factors can be identified as risk indicators for high churn likelihood in the Strategic segment?,"Based on the provided data for the Strategic segment, the specific factors identified as risk indicators for high churn likelihood are:

1. **Financial Distress**: This is the top reason for churn, with 2 customers indicating that financial issues are a significant risk factor.
2. **Customer Engagement**: Another major reason for churn, also affecting 2 customers, suggests that low engagement levels can lead to higher churn risk.
3. **Sales Process**: This factor contributed to churn for 1 customer, indicating that issues in the sales process can also be a risk indicator.

Additionally, the average tenure of customers in this segment is 4.0 years, which may suggest that customers with longer tenures could still be at risk if they experience any of the aforementioned issues. The total Annual Recurring Revenue (ARR) lost due to churn is $690,279, highlighting the financial impact of these risk factors.",pattern_analysis,"multiple_customers,aggregate_data",medium
How do the reasons for churn during economic downturns differ from those observed during stable economic periods across various segments?,"The provided data does not specify how the reasons for churn during economic downturns differ from those observed during stable economic periods. It only lists the overall churn summary, including the total number of customers, segments, top reasons for churn, average tenure, and total ARR lost. 

The top three churn reasons identified are:
1. Customer Engagement: 16
2. Financial Distress: 14
3. Internal Support/Champion: 12

However, there is no information regarding the specific reasons for churn during economic downturns compared to stable periods. Therefore, I cannot provide a comparison based on the data available.",pattern_analysis,"multiple_customers,aggregate_data",medium
"Which competitors are we losing the most customers to, and what patterns can we identify in these losses?","The provided data does not specify which competitors we are losing customers to, so I cannot identify specific competitors. However, we can analyze the overall churn patterns based on the available information.

1. **Total Customers and Segments**:
   - We have a total of 68 customers across various segments: 
     - Commercial: 33
     - SMB: 13
     - Mid-Market: 12
     - Strategic: 6
     - Enterprise: 4

2. **Top Churn Reasons**:
   - The top three reasons for customer churn are:
     - Customer Engagement: 16 customers
     - Financial Distress: 14 customers
     - Internal Support/Champion: 12 customers

3. **Average Tenure**:
   - The average tenure of customers before churn is 2.5 years.

4. **Financial Impact**:
   - The total Annual Recurring Revenue (ARR) lost due to churn is $6,187,907.

**Patterns Identified**:
- The most significant reason for churn is related to customer engagement, indicating a potential need for improved customer interaction and support.
- Financial distress is also a major factor, suggesting that some customers may be struggling financially, which could be a broader economic issue affecting multiple segments.
- Internal support or champion issues indicate that customers may not have adequate internal advocacy for our services, which could be addressed through better training or support initiatives.

In summary, while we cannot identify specific competitors, the data highlights critical areas for improvement in customer engagement and support to potentially reduce churn.",competitive_intelligence,"competitor_data,switching_patterns",medium
What specific reasons do customers cite for switching from our services to Dolphin Wave Tech?,"The specific reasons customers cite for switching from our services to Dolphin Wave Tech are as follows:

1. **Customer Engagement**: 16 customers indicated that issues related to customer engagement were a reason for their switch.
2. **Financial Distress**: 14 customers reported financial distress as a factor in their decision to leave.
3. **Internal Support/Champion**: 12 customers mentioned a lack of internal support or champions as a reason for switching.

These three reasons collectively account for the top churn reasons among the customers who left.",competitive_intelligence,"competitor_data,switching_patterns",medium
How do customer retention rates compare across different segments when competing against Python Wrap Systems?,"The provided data does not include specific customer retention rates for different segments when competing against Python Wrap Systems. It offers an overall churn summary, including the total number of customers, segment distribution, top churn reasons, average tenure, and total ARR lost, but lacks detailed retention rate figures for each segment (Commercial, SMB, Mid-Market, Strategic, and Enterprise).

Therefore, I cannot provide a comparison of customer retention rates across different segments based on the available data.",competitive_intelligence,"competitor_data,switching_patterns",medium
What features or services offered by Whale Pod Systems are most appealing to our churned customers?,"The data provided does not specify the features or services offered by Whale Pod Systems that are appealing to churned customers. It only includes information about the total number of churned customers, their segments, the top reasons for churn, average tenure, and total ARR lost. Therefore, I cannot identify which specific features or services are most appealing to churned customers based on the available information.",competitive_intelligence,"competitor_data,switching_patterns",medium
Are there particular customer demographics that show a tendency to switch to Snake Coil Analytics more frequently than others?,"The provided data does not specify particular customer demographics that show a tendency to switch to Snake Coil Analytics more frequently than others. It includes overall churn summary information such as total customers, segments, top churn reasons, average tenure, and total ARR lost, but it does not break down churn rates or switching tendencies by specific demographics such as age, location, or industry beyond the segment categorization. Therefore, I cannot provide insights on customer demographics related to switching tendencies based on the available data.",competitive_intelligence,"competitor_data,switching_patterns",medium
What alternative solutions do our customers consider before deciding to switch to Tiger Systems?,"The provided data does not include specific information about the alternative solutions that customers consider before deciding to switch to Tiger Systems. Therefore, I cannot provide details on that aspect.",competitive_intelligence,"competitor_data,switching_patterns",medium
How do the pricing structures of Lion Ventures influence customer migration from our platform?,"The provided data does not include specific information about the pricing structures of Lion Ventures or how they directly influence customer migration from your platform. Therefore, I cannot provide an analysis of how Lion Ventures' pricing impacts customer churn or migration. 

However, I can summarize the overall churn situation based on the data provided:

- There are a total of 68 customers, with the highest churn occurring in the Commercial segment (33 customers).
- The top reasons for churn include Customer Engagement (16), Financial Distress (14), and Internal Support/Champion (12).
- The average tenure of customers is 2.5 years, and the total Annual Recurring Revenue (ARR) lost due to churn is $6,187,907.

Without specific details on Lion Ventures' pricing structures, I cannot draw any conclusions regarding their influence on customer migration.",competitive_intelligence,"competitor_data,switching_patterns",medium
"In which segments do we observe a higher churn rate towards Cobra Strike Tech, and what factors contribute to this trend?","Based on the provided data, we can analyze the churn rate across different segments for Cobra Strike Tech. 

1. **Segments Overview**:
   - **Commercial**: 33 customers
   - **SMB (Small and Medium Business)**: 13 customers
   - **Mid-Market**: 12 customers
   - **Strategic**: 6 customers
   - **Enterprise**: 4 customers

2. **Churn Reasons**:
   - The top reasons for churn are:
     - Customer Engagement: 16
     - Financial Distress: 14
     - Internal Support/Champion: 12

3. **Churn Rate Analysis**:
   - The data does not provide specific churn numbers per segment, so we cannot calculate the exact churn rate for each segment. However, we can infer that the segments with more customers (like Commercial) may experience higher absolute churn numbers simply due to their larger size.

4. **Contributing Factors**:
   - The factors contributing to churn include:
     - **Customer Engagement**: A significant number of customers (16) cited this as a reason for leaving, suggesting that lack of engagement may be a critical issue across segments.
     - **Financial Distress**: With 14 customers indicating financial issues, this could particularly affect smaller segments like SMB and Mid-Market.
     - **Internal Support/Champion**: The loss of internal support (12 customers) may also impact retention, especially in segments where relationships are crucial.

In summary, while we cannot determine the exact churn rates by segment due to lack of specific churn numbers, we can conclude that the Commercial segment likely has a higher absolute churn due to its size. The contributing factors to churn include customer engagement issues, financial distress, and lack of internal support, which may affect all segments but could be more pronounced in SMB and Mid-Market segments.",competitive_intelligence,"competitor_data,switching_patterns",medium
What feedback do customers provide regarding their decision to choose Pelican Glide Data over our offerings?,"The provided data does not include specific feedback from customers regarding their decision to choose Pelican Glide Data over your offerings. It only outlines overall churn statistics, including the total number of customers, segments, top churn reasons, average tenure, and total ARR lost. Therefore, I cannot provide any customer feedback related to their choice of Pelican Glide Data.",competitive_intelligence,"competitor_data,switching_patterns",medium
How do the marketing strategies of competitors like Viper Stealth Inc and Turtle Shell Corp affect our customer retention?,"The provided data does not include specific information about the marketing strategies of competitors like Viper Stealth Inc and Turtle Shell Corp. Therefore, I cannot determine how their marketing strategies affect customer retention for your company. 

The overall churn summary indicates that there are 68 total customers, with the top three reasons for churn being customer engagement (16), financial distress (14), and internal support/champion issues (12). However, without details on the competitors' marketing strategies, it is impossible to analyze their impact on customer retention based on the available data.",competitive_intelligence,"competitor_data,switching_patterns",medium
What is the total Annual Recurring Revenue (ARR) lost attributed to churn across all customer segments?,"The total Annual Recurring Revenue (ARR) lost attributed to churn across all customer segments is $6,187,907.",financial_analysis,"financial_data,arr_analysis",medium
"Which customer segment experienced the highest ARR loss due to churn, and what was the amount?","The provided data does not specify the ARR loss by customer segment. Therefore, I cannot determine which customer segment experienced the highest ARR loss due to churn or the specific amount for each segment. The only information available is the total ARR lost, which is $6,187,907, but it does not break down this loss by customer segment.",financial_analysis,"financial_data,arr_analysis",medium
Calculate the average churn value for customers in the high-value segment based on the total ARR lost.,"The data provided does not specify the number of customers in the high-value segment or the total ARR lost specifically for that segment. Therefore, I cannot calculate the average churn value for customers in the high-value segment based on the total ARR lost. 

To determine the average churn value, we would need the total ARR lost for the high-value segment and the number of customers in that segment. Since this information is not available, I cannot provide an answer.",financial_analysis,"financial_data,arr_analysis",medium
"How does the average customer value differ between low, medium, and high-value segments in relation to churn?","The provided data does not include specific information about the average customer value for low, medium, and high-value segments in relation to churn. Therefore, I cannot provide a detailed analysis of how the average customer value differs among these segments. 

The overall churn summary includes information about total customers, segments, churn reasons, average tenure, and total ARR lost, but it lacks specific metrics regarding customer value by segment.",financial_analysis,"financial_data,arr_analysis",medium
Identify any patterns in churn rates for high-value customers compared to other segments. What implications could this have for financial forecasting?,"The provided data does not specify churn rates for high-value customers compared to other segments. Therefore, I cannot identify any specific patterns in churn rates for high-value customers versus other segments based on the available information.

However, we can infer some implications for financial forecasting based on the overall churn summary:

1. **Total Customers and Segments**: With 68 total customers across different segments, understanding which segments have higher churn rates (if that data were available) could help in predicting future revenue losses. For instance, if high-value segments like 'Enterprise' or 'Strategic' had higher churn rates, it could lead to significant revenue impacts.

2. **Churn Reasons**: The top reasons for churn—Customer Engagement, Financial Distress, and Internal Support/Champion—suggest areas where improvements could reduce churn. If high-value customers are particularly affected by these issues, targeted strategies could be developed to retain them, which would positively influence financial forecasts.

3. **Average Tenure**: The average tenure of 2.5 years indicates that customers may have a relatively short relationship with the company. If high-value customers tend to churn sooner than expected, this could lead to a more volatile revenue stream, complicating financial forecasting.

4. **Total ARR Lost**: The total Annual Recurring Revenue (ARR) lost of $6,187,907 highlights the financial impact of churn. If high-value customers contribute significantly to this figure, their churn could disproportionately affect overall financial health.

In summary, while specific churn rates for high-value customers are not provided, the implications for financial forecasting could include the need for targeted retention strategies, a focus on improving customer engagement, and an assessment of the financial health of customers to mitigate churn impacts.",financial_analysis,"financial_data,arr_analysis",medium
What percentage of the total ARR loss can be attributed to the top 10% of high-value customers who churned?,"The provided data does not specify the ARR loss attributed to the top 10% of high-value customers who churned. Therefore, I cannot calculate the percentage of the total ARR loss that can be attributed to these customers.",financial_analysis,"financial_data,arr_analysis",medium
How would retaining just 5% of the customers from the segment with the highest churn impact the overall ARR loss?,"To determine the impact of retaining just 5% of the customers from the segment with the highest churn on the overall ARR loss, we first need to identify the segment with the highest churn.

From the provided data, the segments and their respective customer counts are:
- Commercial: 33
- SMB: 13
- Mid-Market: 12
- Strategic: 6
- Enterprise: 4

The segment with the highest number of customers is the **Commercial segment** with 33 customers.

Next, we calculate 5% of the customers in the Commercial segment:
- 5% of 33 customers = 0.05 * 33 = 1.65 customers

Since we cannot retain a fraction of a customer, we round this to **2 customers** (assuming we round up).

To assess the impact on the overall ARR loss, we need to determine the average ARR lost per customer. The total ARR lost is $6,187,907, and the total number of customers is 68.

Calculating the average ARR lost per customer:
- Average ARR lost per customer = Total ARR lost / Total customers
- Average ARR lost per customer = $6,187,907 / 68 ≈ $91,073.61

Now, if we retain 2 customers from the Commercial segment, the impact on the overall ARR loss would be:
- Impact of retaining 2 customers = 2 * Average ARR lost per customer
- Impact of retaining 2 customers = 2 * $91,073.61 ≈ $182,147.22

Therefore, retaining just 5% of the customers from the segment with the highest churn (which is 2 customers from the Commercial segment) would reduce the overall ARR loss by approximately **$182,147.22**.",financial_analysis,"financial_data,arr_analysis",medium
What financial strategies could be employed to minimize the churn impact on the most lucrative customer segments?,"To minimize the churn impact on the most lucrative customer segments, which are likely the 'Commercial' and 'Enterprise' segments given their size and potential revenue contribution, the following financial strategies could be employed based on the provided data:

1. **Enhance Customer Engagement**: Since 'Customer Engagement' is the top reason for churn (16 instances), investing in strategies that improve customer interaction and satisfaction could be vital. This could include personalized communication, regular check-ins, and tailored solutions that meet the specific needs of these segments.

2. **Financial Support Programs**: With 'Financial Distress' being the second most common churn reason (14 instances), implementing financial support programs such as flexible payment plans, discounts for long-term commitments, or loyalty rewards could help retain customers who may be struggling financially.

3. **Strengthen Internal Support**: Addressing the third reason for churn, 'Internal Support/Champion' (12 instances), could involve creating dedicated account management teams for high-value customers. This would ensure that there is a strong advocate within the company for these customers, helping to address their needs and concerns promptly.

4. **Targeted Retention Campaigns**: Focusing retention efforts specifically on the 'Commercial' (33 customers) and 'Enterprise' (4 customers) segments could yield significant benefits, given their potential revenue. Tailored retention campaigns that address the unique challenges faced by these segments could be more effective.

5. **Data-Driven Insights**: Utilizing data analytics to identify at-risk customers within these segments could allow for proactive measures to be taken before they decide to churn. This could involve analyzing usage patterns, engagement levels, and financial health indicators.

6. **Customer Feedback Loops**: Establishing mechanisms for regular feedback from customers in these segments can help identify issues before they lead to churn. This could involve surveys or direct outreach to understand their satisfaction and areas for improvement.

By focusing on these strategies, the company can work to minimize churn and protect the revenue associated with its most lucrative customer segments.",financial_analysis,"financial_data,arr_analysis",medium
"In a financial impact analysis, how should the ARR loss from churn be categorized across different customer segments?","To categorize the ARR loss from churn across different customer segments based on the provided data, we can analyze the total number of customers in each segment and the total ARR lost.

1. **Total Customers by Segment**:
   - Commercial: 33 customers
   - SMB: 13 customers
   - Mid-Market: 12 customers
   - Strategic: 6 customers
   - Enterprise: 4 customers

2. **Total Customers**: 68

3. **Total ARR Lost**: $6,187,907

To find the ARR loss per segment, we can calculate the proportion of customers in each segment relative to the total number of customers and then apply that proportion to the total ARR lost.

**Calculations**:

- **Commercial Segment**:
  - Proportion: 33 / 68 = 0.4853 (approximately 48.53%)
  - ARR Loss: $6,187,907 * 0.4853 = $3,007,173 (approximately)

- **SMB Segment**:
  - Proportion: 13 / 68 = 0.1912 (approximately 19.12%)
  - ARR Loss: $6,187,907 * 0.1912 = $1,182,278 (approximately)

- **Mid-Market Segment**:
  - Proportion: 12 / 68 = 0.1765 (approximately 17.65%)
  - ARR Loss: $6,187,907 * 0.1765 = $1,091,801 (approximately)

- **Strategic Segment**:
  - Proportion: 6 / 68 = 0.0882 (approximately 8.82%)
  - ARR Loss: $6,187,907 * 0.0882 = $546,854 (approximately)

- **Enterprise Segment**:
  - Proportion: 4 / 68 = 0.0588 (approximately 5.88%)
  - ARR Loss: $6,187,907 * 0.0588 = $364,801 (approximately)

**Summary of ARR Loss by Segment**:
- Commercial: $3,007,173
- SMB: $1,182,278
- Mid-Market: $1,091,801
- Strategic: $546,854
- Enterprise: $364,801

This categorization allows for a clear understanding of how the total",financial_analysis,"financial_data,arr_analysis",medium
What trends can be observed in the historical churn data that may help predict future financial impacts on ARR?,"Based on the provided churn data, several trends can be observed that may help predict future financial impacts on Annual Recurring Revenue (ARR):

1. **Churn Distribution by Segment**: 
   - The total customer base consists of 68 customers, with the largest segment being Commercial (33 customers). This segment represents approximately 48.5% of the total customers. If this segment continues to experience high churn rates, it could significantly impact ARR due to its size.
   - The other segments (SMB, Mid-Market, Strategic, and Enterprise) have fewer customers, with SMB having 13 (19.1%), Mid-Market 12 (17.6%), Strategic 6 (8.8%), and Enterprise 4 (5.9%). Monitoring churn in these smaller segments is also essential, as even small percentages can lead to substantial ARR losses.

2. **Top Churn Reasons**:
   - The primary reasons for churn are Customer Engagement (16 instances), Financial Distress (14 instances), and Internal Support/Champion (12 instances). 
   - The high number of churns attributed to Customer Engagement suggests that improving customer interaction and satisfaction could mitigate future churn and protect ARR. 
   - Financial Distress indicates that economic factors may influence customer retention, suggesting that economic conditions should be monitored closely to anticipate potential churn.
   - Internal Support/Champion churn points to the importance of having strong internal advocates for the product within customer organizations. Loss of these champions could lead to increased churn, impacting ARR.

3. **Average Tenure**:
   - The average customer tenure is 2.5 years. This relatively short tenure may indicate that customers are not finding long-term value, which could lead to higher future churn rates. If customers are not retained beyond this average tenure, ARR could continue to decline.

4. **Total ARR Lost**:
   - The total ARR lost due to churn is $6,187,907. This figure highlights the financial impact of churn and underscores the importance of addressing the underlying causes of churn to prevent further losses.

In summary, to predict future financial impacts on ARR, it is crucial to focus on enhancing customer engagement, understanding the economic conditions affecting customer financial stability, and ensuring strong internal support within customer organizations. Additionally, addressing the churn reasons and improving customer retention strategies will be vital in mitigating future ARR losses.",financial_analysis,"financial_data,arr_analysis",medium
How does the churn rate for the Enterprise segment compare to that of the SMB segment over the past year?,"The provided data only includes information for the SMB segment, which has a total of 13 customers and a total ARR lost of $916,434 due to churn. The top churn reasons are related to product quality and experience, customer engagement, and internal support/champion.

However, there is no data available for the Enterprise segment, including the number of customers, churn reasons, average tenure, or total ARR lost. Therefore, I cannot compare the churn rate for the Enterprise segment to that of the SMB segment based on the provided data.",segment_analysis,"segment_data,comparative_analysis",medium
What unique churn patterns have been observed in the Strategic segment compared to the Mid-Market segment?,"The provided data only includes information about the Mid-Market segment and does not contain any details regarding the Strategic segment. Therefore, it is not possible to identify or compare unique churn patterns between the Strategic and Mid-Market segments based on the available information.",segment_analysis,"segment_data,comparative_analysis",medium
"Which segment faces the highest risk of churn during times of economic downturn, and what specific factors contribute to this risk?","Based on the provided data, the segment that faces the highest risk of churn during times of economic downturn is the **SMB (Small and Medium Business)** segment, which consists of **13 customers**. 

The specific factors contributing to this risk include:

1. **Financial Distress**: This is one of the top three reasons for churn, with **14 instances** noted. SMBs often have tighter budgets and less financial resilience compared to larger segments, making them more susceptible to economic downturns.

2. **Customer Engagement**: With **16 instances** of churn attributed to customer engagement issues, SMBs may struggle with maintaining engagement due to limited resources, leading to higher churn risk.

3. **Internal Support/Champion**: With **12 instances** of churn related to the lack of internal support or champions, SMBs may not have the necessary advocacy within their organizations to prioritize and sustain their relationship with service providers, especially during challenging economic times.

Overall, the combination of these factors, particularly financial distress and engagement challenges, positions the SMB segment as the most vulnerable to churn during economic downturns.",segment_analysis,"segment_data,comparative_analysis",medium
"How does customer tenure influence churn rates across the different segments, particularly in the Commercial and Enterprise segments?","Based on the provided data for the Commercial segment, the average tenure of customers is 2.0 years. The top reasons for churn in this segment include 'Internal Support/Champion' (7 customers), 'Customer Engagement' (6 customers), and 'Financial Distress' (5 customers). 

However, the data does not provide specific information regarding how customer tenure influences churn rates within the Commercial segment or compare it to the Enterprise segment. Therefore, I cannot provide insights on the relationship between customer tenure and churn rates across different segments, as the necessary data for the Enterprise segment and any comparative analysis is not available. 

In summary, while we know the average tenure and reasons for churn in the Commercial segment, we lack the data to analyze the influence of tenure on churn rates or to compare it with the Enterprise segment.",segment_analysis,"segment_data,comparative_analysis",medium
Are there any distinct seasonal trends in churn for the Mid-Market segment that differ from those in the SMB segment?,"The provided data only includes information about the SMB segment and does not contain any details regarding the Mid-Market segment. Therefore, I cannot determine if there are any distinct seasonal trends in churn for the Mid-Market segment that differ from those in the SMB segment.",segment_analysis,"segment_data,comparative_analysis",medium
What are the primary reasons for churn among customers in the Strategic segment compared to those in the Commercial segment?,"The primary reasons for churn among customers in the Commercial segment are as follows:

1. **Internal Support/Champion**: 7 customers cited this as a reason for churn.
2. **Customer Engagement**: 6 customers indicated this as a reason for leaving.
3. **Financial Distress**: 5 customers reported financial issues as a reason for churn.

In total, there are 33 customers in the Commercial segment, with an average tenure of 2.0 years and a total Annual Recurring Revenue (ARR) lost of $2,200,222.

The data provided does not include information about the Strategic segment, so I cannot compare the churn reasons between the two segments.",segment_analysis,"segment_data,comparative_analysis",medium
How does customer engagement over time affect churn rates in the SMB segment versus the Enterprise segment?,"Based on the provided data, customer engagement has a notable impact on churn rates in the SMB segment. In the SMB segment, out of the total 13 customers, 3 cited ""Customer Engagement"" as a reason for churn. This indicates that approximately 23% of the churn in the SMB segment is directly related to customer engagement issues.

In contrast, the data does not provide specific churn reasons for the Enterprise segment, as it only mentions one customer affected by customer engagement issues. Therefore, we cannot determine the exact impact of customer engagement on churn rates in the Enterprise segment based on the available data.

In summary, while customer engagement significantly affects churn in the SMB segment (23% of churn), we lack sufficient data to assess its impact on the Enterprise segment.",segment_analysis,"segment_data,comparative_analysis",medium
What unique service or product features are associated with lower churn rates in the Mid-Market segment compared to the Commercial segment?,"The provided data does not include specific information about unique service or product features associated with lower churn rates in the Mid-Market segment compared to the Commercial segment. Therefore, I cannot provide a comparison or identify features related to churn rates between these segments based on the available information.",segment_analysis,"segment_data,comparative_analysis",medium
"How do acquisition channels impact churn risk differently across the four segments: SMB, Mid-Market, Strategic, and Enterprise?","The provided data only includes information about the SMB segment. Therefore, I cannot provide a comprehensive answer regarding how acquisition channels impact churn risk differently across the four segments (SMB, Mid-Market, Strategic, and Enterprise) as the data for the other segments is not available.

For the SMB segment specifically, the top churn reasons are related to product quality and experience, customer engagement, and internal support/champion issues. The average tenure of customers in this segment is 2.5 years, and the total Annual Recurring Revenue (ARR) lost is $916,434. However, without data on the other segments, I cannot analyze or compare the impact of acquisition channels on churn risk across all four segments.",segment_analysis,"segment_data,comparative_analysis",medium
What insights can be drawn about customer tenure and its correlation to churn in the Strategic segment relative to other segments?,"Based on the provided data for the Strategic segment, we can draw the following insights regarding customer tenure and its correlation to churn:

1. **Customer Tenure**: The average tenure of customers in the Strategic segment is 4.0 years. This indicates that customers in this segment have been with the company for a significant period.

2. **Churn Reasons**: The top reasons for churn in this segment are:
   - Financial Distress: 2 customers
   - Customer Engagement: 2 customers
   - Sales Process: 1 customer

   This distribution suggests that issues related to financial stability and customer engagement are significant factors leading to churn, which may correlate with the length of time customers have been with the company.

3. **Total ARR Lost**: The total Annual Recurring Revenue (ARR) lost due to churn in the Strategic segment amounts to $690,279. This figure underscores the financial impact of customer churn in this segment.

4. **Comparison to Other Segments**: The data does not provide specific information about customer tenure or churn reasons in other segments, so we cannot make direct comparisons or draw conclusions about how the Strategic segment's tenure and churn correlate relative to other segments.

In summary, while we know that the Strategic segment has an average customer tenure of 4.0 years and specific reasons for churn, we lack comparative data from other segments to fully assess the correlation between tenure and churn across the board.",segment_analysis,"segment_data,comparative_analysis",medium
