story_id,company_name,segment,title,challenge_category,specific_challenge,solution,arr,team_size,adoption_before,adoption_after,engagement_increase,support_reduction,full_story
SUCCESS-001,ComplianceHub Solutions,Commercial,How ComplianceHub Solutions Overcame Pricing Concerns and Increased Adoption by 56%,Pricing Concerns,Budget cuts,Offered discount for annual commitment,68274,90,23,79,33,65,"**Company:** ComplianceHub Solutions
**Segment:** Commercial
**Team Size:** 90 employees
**ARR:** $68,274

**Challenge:**
ComplianceHub Solutions was facing budget cuts. Their feature adoption was only 23% and they were considering alternatives.

**Solution Implemented:**
Offered discount for annual commitment. Our Customer Success team worked closely with their leadership to create a customized plan.

**Results:**
- Feature adoption increased from 23% to 79%
- User engagement improved by 33%
- Support tickets reduced by 65%
- Successfully renewed and expanded contract
- Became a reference customer and advocate

**Key Learnings:**
Early intervention and personalized support plans are critical for Commercial customers facing pricing concerns."
SUCCESS-002,ContainerOps Systems,Commercial,How ContainerOps Systems Overcame Support Issues and Increased Adoption by 36%,Support Issues,Slow response,Set up weekly check-ins,57213,97,40,76,104,73,"**Company:** ContainerOps Systems
**Segment:** Commercial
**Team Size:** 97 employees
**ARR:** $57,213

**Challenge:**
ContainerOps Systems was facing slow response. Their feature adoption was only 40% and they were considering alternatives.

**Solution Implemented:**
Set up weekly check-ins. Our Customer Success team worked closely with their leadership to create a customized plan.

**Results:**
- Feature adoption increased from 40% to 76%
- User engagement improved by 104%
- Support tickets reduced by 73%
- Successfully renewed and expanded contract
- Became a reference customer and advocate

**Key Learnings:**
Early intervention and personalized support plans are critical for Commercial customers facing support issues."
SUCCESS-003,SecureNet Solutions,SMB,How SecureNet Solutions Overcame Pricing Concerns and Increased Adoption by 22%,Pricing Concerns,Too expensive,Provided credits for referrals,54372,26,50,72,95,65,"**Company:** SecureNet Solutions
**Segment:** SMB
**Team Size:** 26 employees
**ARR:** $54,372

**Challenge:**
SecureNet Solutions was facing too expensive. Their feature adoption was only 50% and they were considering alternatives.

**Solution Implemented:**
Provided credits for referrals. Our Customer Success team worked closely with their leadership to create a customized plan.

**Results:**
- Feature adoption increased from 50% to 72%
- User engagement improved by 95%
- Support tickets reduced by 65%
- Successfully renewed and expanded contract
- Became a reference customer and advocate

**Key Learnings:**
Early intervention and personalized support plans are critical for SMB customers facing pricing concerns."
SUCCESS-004,DevOpsHub Solutions,Commercial,How DevOpsHub Solutions Overcame Adoption Challenges and Increased Adoption by 42%,Adoption Challenges,Lack of champions,Conducted onboarding workshops,137394,66,32,74,121,67,"**Company:** DevOpsHub Solutions
**Segment:** Commercial
**Team Size:** 66 employees
**ARR:** $137,394

**Challenge:**
DevOpsHub Solutions was facing lack of champions. Their feature adoption was only 32% and they were considering alternatives.

**Solution Implemented:**
Conducted onboarding workshops. Our Customer Success team worked closely with their leadership to create a customized plan.

**Results:**
- Feature adoption increased from 32% to 74%
- User engagement improved by 121%
- Support tickets reduced by 67%
- Successfully renewed and expanded contract
- Became a reference customer and advocate

**Key Learnings:**
Early intervention and personalized support plans are critical for Commercial customers facing adoption challenges."
SUCCESS-005,MetricsDash Solutions,Commercial,How MetricsDash Solutions Overcame Pricing Concerns and Increased Adoption by 53%,Pricing Concerns,ROI not clear,Demonstrated ROI with detailed analytics,96052,59,34,87,41,53,"**Company:** MetricsDash Solutions
**Segment:** Commercial
**Team Size:** 59 employees
**ARR:** $96,052

**Challenge:**
MetricsDash Solutions was facing roi not clear. Their feature adoption was only 34% and they were considering alternatives.

**Solution Implemented:**
Demonstrated ROI with detailed analytics. Our Customer Success team worked closely with their leadership to create a customized plan.

**Results:**
- Feature adoption increased from 34% to 87%
- User engagement improved by 41%
- Support tickets reduced by 53%
- Successfully renewed and expanded contract
- Became a reference customer and advocate

**Key Learnings:**
Early intervention and personalized support plans are critical for Commercial customers facing pricing concerns."
SUCCESS-006,ComplianceHub Solutions,Enterprise,How ComplianceHub Solutions Overcame Competition and Increased Adoption by 40%,Competition,Competitor cheaper,Added requested features quickly,185873,462,43,83,123,66,"**Company:** ComplianceHub Solutions
**Segment:** Enterprise
**Team Size:** 462 employees
**ARR:** $185,873

**Challenge:**
ComplianceHub Solutions was facing competitor cheaper. Their feature adoption was only 43% and they were considering alternatives.

**Solution Implemented:**
Added requested features quickly. Our Customer Success team worked closely with their leadership to create a customized plan.

**Results:**
- Feature adoption increased from 43% to 83%
- User engagement improved by 123%
- Support tickets reduced by 66%
- Successfully renewed and expanded contract
- Became a reference customer and advocate

**Key Learnings:**
Early intervention and personalized support plans are critical for Enterprise customers facing competition."
SUCCESS-007,StreamPro Technologies,Enterprise,How StreamPro Technologies Overcame Pricing Concerns and Increased Adoption by 39%,Pricing Concerns,Better pricing elsewhere,Created custom pricing tier,258980,293,47,86,72,44,"**Company:** StreamPro Technologies
**Segment:** Enterprise
**Team Size:** 293 employees
**ARR:** $258,980

**Challenge:**
StreamPro Technologies was facing better pricing elsewhere. Their feature adoption was only 47% and they were considering alternatives.

**Solution Implemented:**
Created custom pricing tier. Our Customer Success team worked closely with their leadership to create a customized plan.

**Results:**
- Feature adoption increased from 47% to 86%
- User engagement improved by 72%
- Support tickets reduced by 44%
- Successfully renewed and expanded contract
- Became a reference customer and advocate

**Key Learnings:**
Early intervention and personalized support plans are critical for Enterprise customers facing pricing concerns."
SUCCESS-008,QueueManager Technologies,Commercial,How QueueManager Technologies Overcame Pricing Concerns and Increased Adoption by 42%,Pricing Concerns,Too expensive,Provided credits for referrals,133729,54,33,75,101,69,"**Company:** QueueManager Technologies
**Segment:** Commercial
**Team Size:** 54 employees
**ARR:** $133,729

**Challenge:**
QueueManager Technologies was facing too expensive. Their feature adoption was only 33% and they were considering alternatives.

**Solution Implemented:**
Provided credits for referrals. Our Customer Success team worked closely with their leadership to create a customized plan.

**Results:**
- Feature adoption increased from 33% to 75%
- User engagement improved by 101%
- Support tickets reduced by 69%
- Successfully renewed and expanded contract
- Became a reference customer and advocate

**Key Learnings:**
Early intervention and personalized support plans are critical for Commercial customers facing pricing concerns."
SUCCESS-009,SecurityFirst Technologies,SMB,How SecurityFirst Technologies Overcame Product Fit and Increased Adoption by 36%,Product Fit,Too complex,Provided API access for customization,28970,22,35,71,135,59,"**Company:** SecurityFirst Technologies
**Segment:** SMB
**Team Size:** 22 employees
**ARR:** $28,970

**Challenge:**
SecurityFirst Technologies was facing too complex. Their feature adoption was only 35% and they were considering alternatives.

**Solution Implemented:**
Provided API access for customization. Our Customer Success team worked closely with their leadership to create a customized plan.

**Results:**
- Feature adoption increased from 35% to 71%
- User engagement improved by 135%
- Support tickets reduced by 59%
- Successfully renewed and expanded contract
- Became a reference customer and advocate

**Key Learnings:**
Early intervention and personalized support plans are critical for SMB customers facing product fit."
SUCCESS-010,DisasterRecovery Technologies,Commercial,How DisasterRecovery Technologies Overcame Competition and Increased Adoption by 25%,Competition,Better UX elsewhere,Improved product based on feedback,79428,23,45,70,49,56,"**Company:** DisasterRecovery Technologies
**Segment:** Commercial
**Team Size:** 23 employees
**ARR:** $79,428

**Challenge:**
DisasterRecovery Technologies was facing better ux elsewhere. Their feature adoption was only 45% and they were considering alternatives.

**Solution Implemented:**
Improved product based on feedback. Our Customer Success team worked closely with their leadership to create a customized plan.

**Results:**
- Feature adoption increased from 45% to 70%
- User engagement improved by 49%
- Support tickets reduced by 56%
- Successfully renewed and expanded contract
- Became a reference customer and advocate

**Key Learnings:**
Early intervention and personalized support plans are critical for Commercial customers facing competition."
SUCCESS-011,CodeCraft Technologies,Enterprise,How CodeCraft Technologies Overcame Competition and Increased Adoption by 57%,Competition,Competitor has better features,Added requested features quickly,318710,141,35,92,112,55,"**Company:** CodeCraft Technologies
**Segment:** Enterprise
**Team Size:** 141 employees
**ARR:** $318,710

**Challenge:**
CodeCraft Technologies was facing competitor has better features. Their feature adoption was only 35% and they were considering alternatives.

**Solution Implemented:**
Added requested features quickly. Our Customer Success team worked closely with their leadership to create a customized plan.

**Results:**
- Feature adoption increased from 35% to 92%
- User engagement improved by 112%
- Support tickets reduced by 55%
- Successfully renewed and expanded contract
- Became a reference customer and advocate

**Key Learnings:**
Early intervention and personalized support plans are critical for Enterprise customers facing competition."
SUCCESS-012,TechFlow Systems,Commercial,How TechFlow Systems Overcame Competition and Increased Adoption by 45%,Competition,Competitor has better features,Added requested features quickly,126161,81,38,83,141,56,"**Company:** TechFlow Systems
**Segment:** Commercial
**Team Size:** 81 employees
**ARR:** $126,161

**Challenge:**
TechFlow Systems was facing competitor has better features. Their feature adoption was only 38% and they were considering alternatives.

**Solution Implemented:**
Added requested features quickly. Our Customer Success team worked closely with their leadership to create a customized plan.

**Results:**
- Feature adoption increased from 38% to 83%
- User engagement improved by 141%
- Support tickets reduced by 56%
- Successfully renewed and expanded contract
- Became a reference customer and advocate

**Key Learnings:**
Early intervention and personalized support plans are critical for Commercial customers facing competition."
SUCCESS-013,MonitorPlus Technologies,Commercial,How MonitorPlus Technologies Overcame Pricing Concerns and Increased Adoption by 33%,Pricing Concerns,ROI not clear,Offered discount for annual commitment,84018,40,38,71,48,60,"**Company:** MonitorPlus Technologies
**Segment:** Commercial
**Team Size:** 40 employees
**ARR:** $84,018

**Challenge:**
MonitorPlus Technologies was facing roi not clear. Their feature adoption was only 38% and they were considering alternatives.

**Solution Implemented:**
Offered discount for annual commitment. Our Customer Success team worked closely with their leadership to create a customized plan.

**Results:**
- Feature adoption increased from 38% to 71%
- User engagement improved by 48%
- Support tickets reduced by 60%
- Successfully renewed and expanded contract
- Became a reference customer and advocate

**Key Learnings:**
Early intervention and personalized support plans are critical for Commercial customers facing pricing concerns."
SUCCESS-014,DataBridge Technologies,SMB,How DataBridge Technologies Overcame Support Issues and Increased Adoption by 57%,Support Issues,Unresolved bugs,Assigned dedicated success manager,27869,16,33,90,146,62,"**Company:** DataBridge Technologies
**Segment:** SMB
**Team Size:** 16 employees
**ARR:** $27,869

**Challenge:**
DataBridge Technologies was facing unresolved bugs. Their feature adoption was only 33% and they were considering alternatives.

**Solution Implemented:**
Assigned dedicated success manager. Our Customer Success team worked closely with their leadership to create a customized plan.

**Results:**
- Feature adoption increased from 33% to 90%
- User engagement improved by 146%
- Support tickets reduced by 62%
- Successfully renewed and expanded contract
- Became a reference customer and advocate

**Key Learnings:**
Early intervention and personalized support plans are critical for SMB customers facing support issues."
SUCCESS-015,DataSync Solutions,Commercial,How DataSync Solutions Overcame Adoption Challenges and Increased Adoption by 46%,Adoption Challenges,Lack of champions,Conducted onboarding workshops,117353,44,44,90,53,46,"**Company:** DataSync Solutions
**Segment:** Commercial
**Team Size:** 44 employees
**ARR:** $117,353

**Challenge:**
DataSync Solutions was facing lack of champions. Their feature adoption was only 44% and they were considering alternatives.

**Solution Implemented:**
Conducted onboarding workshops. Our Customer Success team worked closely with their leadership to create a customized plan.

**Results:**
- Feature adoption increased from 44% to 90%
- User engagement improved by 53%
- Support tickets reduced by 46%
- Successfully renewed and expanded contract
- Became a reference customer and advocate

**Key Learnings:**
Early intervention and personalized support plans are critical for Commercial customers facing adoption challenges."
SUCCESS-016,ContainerOps Systems,Enterprise,How ContainerOps Systems Overcame Support Issues and Increased Adoption by 50%,Support Issues,Poor documentation,Set up weekly check-ins,242322,400,42,92,76,46,"**Company:** ContainerOps Systems
**Segment:** Enterprise
**Team Size:** 400 employees
**ARR:** $242,322

**Challenge:**
ContainerOps Systems was facing poor documentation. Their feature adoption was only 42% and they were considering alternatives.

**Solution Implemented:**
Set up weekly check-ins. Our Customer Success team worked closely with their leadership to create a customized plan.

**Results:**
- Feature adoption increased from 42% to 92%
- User engagement improved by 76%
- Support tickets reduced by 46%
- Successfully renewed and expanded contract
- Became a reference customer and advocate

**Key Learnings:**
Early intervention and personalized support plans are critical for Enterprise customers facing support issues."
SUCCESS-017,APIGateway Technologies,Commercial,How APIGateway Technologies Overcame Product Fit and Increased Adoption by 63%,Product Fit,Missing features,Built custom integration,117917,56,31,94,92,66,"**Company:** APIGateway Technologies
**Segment:** Commercial
**Team Size:** 56 employees
**ARR:** $117,917

**Challenge:**
APIGateway Technologies was facing missing features. Their feature adoption was only 31% and they were considering alternatives.

**Solution Implemented:**
Built custom integration. Our Customer Success team worked closely with their leadership to create a customized plan.

**Results:**
- Feature adoption increased from 31% to 94%
- User engagement improved by 92%
- Support tickets reduced by 66%
- Successfully renewed and expanded contract
- Became a reference customer and advocate

**Key Learnings:**
Early intervention and personalized support plans are critical for Commercial customers facing product fit."
SUCCESS-018,ScaleSystems Systems,SMB,How ScaleSystems Systems Overcame Product Fit and Increased Adoption by 39%,Product Fit,Too complex,Built custom integration,22348,30,48,87,108,73,"**Company:** ScaleSystems Systems
**Segment:** SMB
**Team Size:** 30 employees
**ARR:** $22,348

**Challenge:**
ScaleSystems Systems was facing too complex. Their feature adoption was only 48% and they were considering alternatives.

**Solution Implemented:**
Built custom integration. Our Customer Success team worked closely with their leadership to create a customized plan.

**Results:**
- Feature adoption increased from 48% to 87%
- User engagement improved by 108%
- Support tickets reduced by 73%
- Successfully renewed and expanded contract
- Became a reference customer and advocate

**Key Learnings:**
Early intervention and personalized support plans are critical for SMB customers facing product fit."
SUCCESS-019,LoadBalance Technologies,Enterprise,How LoadBalance Technologies Overcame Adoption Challenges and Increased Adoption by 23%,Adoption Challenges,Lack of champions,Conducted onboarding workshops,318809,285,49,72,44,48,"**Company:** LoadBalance Technologies
**Segment:** Enterprise
**Team Size:** 285 employees
**ARR:** $318,809

**Challenge:**
LoadBalance Technologies was facing lack of champions. Their feature adoption was only 49% and they were considering alternatives.

**Solution Implemented:**
Conducted onboarding workshops. Our Customer Success team worked closely with their leadership to create a customized plan.

**Results:**
- Feature adoption increased from 49% to 72%
- User engagement improved by 44%
- Support tickets reduced by 48%
- Successfully renewed and expanded contract
- Became a reference customer and advocate

**Key Learnings:**
Early intervention and personalized support plans are critical for Enterprise customers facing adoption challenges."
SUCCESS-020,QueueManager Systems,Commercial,How QueueManager Systems Overcame Support Issues and Increased Adoption by 41%,Support Issues,Poor documentation,Set up weekly check-ins,68220,76,48,89,96,61,"**Company:** QueueManager Systems
**Segment:** Commercial
**Team Size:** 76 employees
**ARR:** $68,220

**Challenge:**
QueueManager Systems was facing poor documentation. Their feature adoption was only 48% and they were considering alternatives.

**Solution Implemented:**
Set up weekly check-ins. Our Customer Success team worked closely with their leadership to create a customized plan.

**Results:**
- Feature adoption increased from 48% to 89%
- User engagement improved by 96%
- Support tickets reduced by 61%
- Successfully renewed and expanded contract
- Became a reference customer and advocate

**Key Learnings:**
Early intervention and personalized support plans are critical for Commercial customers facing support issues."
SUCCESS-021,AnalyticsCo Technologies,Commercial,How AnalyticsCo Technologies Overcame Pricing Concerns and Increased Adoption by 35%,Pricing Concerns,Too expensive,Created custom pricing tier,66870,38,42,77,69,48,"**Company:** AnalyticsCo Technologies
**Segment:** Commercial
**Team Size:** 38 employees
**ARR:** $66,870

**Challenge:**
AnalyticsCo Technologies was facing too expensive. Their feature adoption was only 42% and they were considering alternatives.

**Solution Implemented:**
Created custom pricing tier. Our Customer Success team worked closely with their leadership to create a customized plan.

**Results:**
- Feature adoption increased from 42% to 77%
- User engagement improved by 69%
- Support tickets reduced by 48%
- Successfully renewed and expanded contract
- Became a reference customer and advocate

**Key Learnings:**
Early intervention and personalized support plans are critical for Commercial customers facing pricing concerns."
SUCCESS-022,DevOpsHub Systems,SMB,How DevOpsHub Systems Overcame Competition and Increased Adoption by 41%,Competition,Better UX elsewhere,Highlighted unique differentiators,15094,5,44,85,126,67,"**Company:** DevOpsHub Systems
**Segment:** SMB
**Team Size:** 5 employees
**ARR:** $15,094

**Challenge:**
DevOpsHub Systems was facing better ux elsewhere. Their feature adoption was only 44% and they were considering alternatives.

**Solution Implemented:**
Highlighted unique differentiators. Our Customer Success team worked closely with their leadership to create a customized plan.

**Results:**
- Feature adoption increased from 44% to 85%
- User engagement improved by 126%
- Support tickets reduced by 67%
- Successfully renewed and expanded contract
- Became a reference customer and advocate

**Key Learnings:**
Early intervention and personalized support plans are critical for SMB customers facing competition."
SUCCESS-023,DataSync Systems,SMB,How DataSync Systems Overcame Pricing Concerns and Increased Adoption by 51%,Pricing Concerns,Too expensive,Provided credits for referrals,17793,13,21,72,68,40,"**Company:** DataSync Systems
**Segment:** SMB
**Team Size:** 13 employees
**ARR:** $17,793

**Challenge:**
DataSync Systems was facing too expensive. Their feature adoption was only 21% and they were considering alternatives.

**Solution Implemented:**
Provided credits for referrals. Our Customer Success team worked closely with their leadership to create a customized plan.

**Results:**
- Feature adoption increased from 21% to 72%
- User engagement improved by 68%
- Support tickets reduced by 40%
- Successfully renewed and expanded contract
- Became a reference customer and advocate

**Key Learnings:**
Early intervention and personalized support plans are critical for SMB customers facing pricing concerns."
SUCCESS-024,AuditPro Systems,SMB,How AuditPro Systems Overcame Adoption Challenges and Increased Adoption by 39%,Adoption Challenges,Team not using it,Created internal champions program,22109,26,31,70,41,49,"**Company:** AuditPro Systems
**Segment:** SMB
**Team Size:** 26 employees
**ARR:** $22,109

**Challenge:**
AuditPro Systems was facing team not using it. Their feature adoption was only 31% and they were considering alternatives.

**Solution Implemented:**
Created internal champions program. Our Customer Success team worked closely with their leadership to create a customized plan.

**Results:**
- Feature adoption increased from 31% to 70%
- User engagement improved by 41%
- Support tickets reduced by 49%
- Successfully renewed and expanded contract
- Became a reference customer and advocate

**Key Learnings:**
Early intervention and personalized support plans are critical for SMB customers facing adoption challenges."
SUCCESS-025,LoadBalance Technologies,Commercial,How LoadBalance Technologies Overcame Adoption Challenges and Increased Adoption by 49%,Adoption Challenges,Too hard to onboard,Simplified user interface,71044,84,44,93,108,55,"**Company:** LoadBalance Technologies
**Segment:** Commercial
**Team Size:** 84 employees
**ARR:** $71,044

**Challenge:**
LoadBalance Technologies was facing too hard to onboard. Their feature adoption was only 44% and they were considering alternatives.

**Solution Implemented:**
Simplified user interface. Our Customer Success team worked closely with their leadership to create a customized plan.

**Results:**
- Feature adoption increased from 44% to 93%
- User engagement improved by 108%
- Support tickets reduced by 55%
- Successfully renewed and expanded contract
- Became a reference customer and advocate

**Key Learnings:**
Early intervention and personalized support plans are critical for Commercial customers facing adoption challenges."
SUCCESS-026,DevTools Technologies,SMB,How DevTools Technologies Overcame Pricing Concerns and Increased Adoption by 29%,Pricing Concerns,Too expensive,Created custom pricing tier,56911,11,50,79,51,74,"**Company:** DevTools Technologies
**Segment:** SMB
**Team Size:** 11 employees
**ARR:** $56,911

**Challenge:**
DevTools Technologies was facing too expensive. Their feature adoption was only 50% and they were considering alternatives.

**Solution Implemented:**
Created custom pricing tier. Our Customer Success team worked closely with their leadership to create a customized plan.

**Results:**
- Feature adoption increased from 50% to 79%
- User engagement improved by 51%
- Support tickets reduced by 74%
- Successfully renewed and expanded contract
- Became a reference customer and advocate

**Key Learnings:**
Early intervention and personalized support plans are critical for SMB customers facing pricing concerns."
SUCCESS-027,TechFlow Technologies,SMB,How TechFlow Technologies Overcame Product Fit and Increased Adoption by 59%,Product Fit,Poor integration,Simplified workflow with automation,55752,23,25,84,116,46,"**Company:** TechFlow Technologies
**Segment:** SMB
**Team Size:** 23 employees
**ARR:** $55,752

**Challenge:**
TechFlow Technologies was facing poor integration. Their feature adoption was only 25% and they were considering alternatives.

**Solution Implemented:**
Simplified workflow with automation. Our Customer Success team worked closely with their leadership to create a customized plan.

**Results:**
- Feature adoption increased from 25% to 84%
- User engagement improved by 116%
- Support tickets reduced by 46%
- Successfully renewed and expanded contract
- Became a reference customer and advocate

**Key Learnings:**
Early intervention and personalized support plans are critical for SMB customers facing product fit."
SUCCESS-028,AnalyticsCo Solutions,Commercial,How AnalyticsCo Solutions Overcame Competition and Increased Adoption by 36%,Competition,Competitor has better features,Matched competitor pricing,103422,34,44,80,45,69,"**Company:** AnalyticsCo Solutions
**Segment:** Commercial
**Team Size:** 34 employees
**ARR:** $103,422

**Challenge:**
AnalyticsCo Solutions was facing competitor has better features. Their feature adoption was only 44% and they were considering alternatives.

**Solution Implemented:**
Matched competitor pricing. Our Customer Success team worked closely with their leadership to create a customized plan.

**Results:**
- Feature adoption increased from 44% to 80%
- User engagement improved by 45%
- Support tickets reduced by 69%
- Successfully renewed and expanded contract
- Became a reference customer and advocate

**Key Learnings:**
Early intervention and personalized support plans are critical for Commercial customers facing competition."
SUCCESS-029,InnovateLabs Technologies,SMB,How InnovateLabs Technologies Overcame Competition and Increased Adoption by 51%,Competition,Competitor cheaper,Added requested features quickly,46512,28,21,72,71,71,"**Company:** InnovateLabs Technologies
**Segment:** SMB
**Team Size:** 28 employees
**ARR:** $46,512

**Challenge:**
InnovateLabs Technologies was facing competitor cheaper. Their feature adoption was only 21% and they were considering alternatives.

**Solution Implemented:**
Added requested features quickly. Our Customer Success team worked closely with their leadership to create a customized plan.

**Results:**
- Feature adoption increased from 21% to 72%
- User engagement improved by 71%
- Support tickets reduced by 71%
- Successfully renewed and expanded contract
- Became a reference customer and advocate

**Key Learnings:**
Early intervention and personalized support plans are critical for SMB customers facing competition."
SUCCESS-030,InnovateLabs Solutions,Commercial,How InnovateLabs Solutions Overcame Competition and Increased Adoption by 60%,Competition,Better UX elsewhere,Added requested features quickly,140052,76,27,87,82,58,"**Company:** InnovateLabs Solutions
**Segment:** Commercial
**Team Size:** 76 employees
**ARR:** $140,052

**Challenge:**
InnovateLabs Solutions was facing better ux elsewhere. Their feature adoption was only 27% and they were considering alternatives.

**Solution Implemented:**
Added requested features quickly. Our Customer Success team worked closely with their leadership to create a customized plan.

**Results:**
- Feature adoption increased from 27% to 87%
- User engagement improved by 82%
- Support tickets reduced by 58%
- Successfully renewed and expanded contract
- Became a reference customer and advocate

**Key Learnings:**
Early intervention and personalized support plans are critical for Commercial customers facing competition."
SUCCESS-031,LoadBalance Solutions,SMB,How LoadBalance Solutions Overcame Pricing Concerns and Increased Adoption by 44%,Pricing Concerns,Budget cuts,Demonstrated ROI with detailed analytics,21750,5,41,85,116,46,"**Company:** LoadBalance Solutions
**Segment:** SMB
**Team Size:** 5 employees
**ARR:** $21,750

**Challenge:**
LoadBalance Solutions was facing budget cuts. Their feature adoption was only 41% and they were considering alternatives.

**Solution Implemented:**
Demonstrated ROI with detailed analytics. Our Customer Success team worked closely with their leadership to create a customized plan.

**Results:**
- Feature adoption increased from 41% to 85%
- User engagement improved by 116%
- Support tickets reduced by 46%
- Successfully renewed and expanded contract
- Became a reference customer and advocate

**Key Learnings:**
Early intervention and personalized support plans are critical for SMB customers facing pricing concerns."
SUCCESS-032,WorkflowPro Solutions,Enterprise,How WorkflowPro Solutions Overcame Pricing Concerns and Increased Adoption by 46%,Pricing Concerns,Too expensive,Created custom pricing tier,306994,255,42,88,43,50,"**Company:** WorkflowPro Solutions
**Segment:** Enterprise
**Team Size:** 255 employees
**ARR:** $306,994

**Challenge:**
WorkflowPro Solutions was facing too expensive. Their feature adoption was only 42% and they were considering alternatives.

**Solution Implemented:**
Created custom pricing tier. Our Customer Success team worked closely with their leadership to create a customized plan.

**Results:**
- Feature adoption increased from 42% to 88%
- User engagement improved by 43%
- Support tickets reduced by 50%
- Successfully renewed and expanded contract
- Became a reference customer and advocate

**Key Learnings:**
Early intervention and personalized support plans are critical for Enterprise customers facing pricing concerns."
SUCCESS-033,CloudVision Solutions,SMB,How CloudVision Solutions Overcame Support Issues and Increased Adoption by 37%,Support Issues,Unresolved bugs,Improved response SLA,18045,12,46,83,122,71,"**Company:** CloudVision Solutions
**Segment:** SMB
**Team Size:** 12 employees
**ARR:** $18,045

**Challenge:**
CloudVision Solutions was facing unresolved bugs. Their feature adoption was only 46% and they were considering alternatives.

**Solution Implemented:**
Improved response SLA. Our Customer Success team worked closely with their leadership to create a customized plan.

**Results:**
- Feature adoption increased from 46% to 83%
- User engagement improved by 122%
- Support tickets reduced by 71%
- Successfully renewed and expanded contract
- Became a reference customer and advocate

**Key Learnings:**
Early intervention and personalized support plans are critical for SMB customers facing support issues."
SUCCESS-034,AIForge Technologies,Enterprise,How AIForge Technologies Overcame Adoption Challenges and Increased Adoption by 48%,Adoption Challenges,Too hard to onboard,Provided implementation support,286697,293,41,89,81,71,"**Company:** AIForge Technologies
**Segment:** Enterprise
**Team Size:** 293 employees
**ARR:** $286,697

**Challenge:**
AIForge Technologies was facing too hard to onboard. Their feature adoption was only 41% and they were considering alternatives.

**Solution Implemented:**
Provided implementation support. Our Customer Success team worked closely with their leadership to create a customized plan.

**Results:**
- Feature adoption increased from 41% to 89%
- User engagement improved by 81%
- Support tickets reduced by 71%
- Successfully renewed and expanded contract
- Became a reference customer and advocate

**Key Learnings:**
Early intervention and personalized support plans are critical for Enterprise customers facing adoption challenges."
SUCCESS-035,DevTools Solutions,SMB,How DevTools Solutions Overcame Competition and Increased Adoption by 42%,Competition,Competitor has better features,Highlighted unique differentiators,26429,20,35,77,110,48,"**Company:** DevTools Solutions
**Segment:** SMB
**Team Size:** 20 employees
**ARR:** $26,429

**Challenge:**
DevTools Solutions was facing competitor has better features. Their feature adoption was only 35% and they were considering alternatives.

**Solution Implemented:**
Highlighted unique differentiators. Our Customer Success team worked closely with their leadership to create a customized plan.

**Results:**
- Feature adoption increased from 35% to 77%
- User engagement improved by 110%
- Support tickets reduced by 48%
- Successfully renewed and expanded contract
- Became a reference customer and advocate

**Key Learnings:**
Early intervention and personalized support plans are critical for SMB customers facing competition."
SUCCESS-036,TechFlow Systems,Enterprise,How TechFlow Systems Overcame Pricing Concerns and Increased Adoption by 57%,Pricing Concerns,Too expensive,Provided credits for referrals,455523,63,25,82,107,60,"**Company:** TechFlow Systems
**Segment:** Enterprise
**Team Size:** 63 employees
**ARR:** $455,523

**Challenge:**
TechFlow Systems was facing too expensive. Their feature adoption was only 25% and they were considering alternatives.

**Solution Implemented:**
Provided credits for referrals. Our Customer Success team worked closely with their leadership to create a customized plan.

**Results:**
- Feature adoption increased from 25% to 82%
- User engagement improved by 107%
- Support tickets reduced by 60%
- Successfully renewed and expanded contract
- Became a reference customer and advocate

**Key Learnings:**
Early intervention and personalized support plans are critical for Enterprise customers facing pricing concerns."
SUCCESS-037,StreamPro Solutions,Enterprise,How StreamPro Solutions Overcame Adoption Challenges and Increased Adoption by 58%,Adoption Challenges,Team not using it,Conducted onboarding workshops,446596,434,36,94,93,69,"**Company:** StreamPro Solutions
**Segment:** Enterprise
**Team Size:** 434 employees
**ARR:** $446,596

**Challenge:**
StreamPro Solutions was facing team not using it. Their feature adoption was only 36% and they were considering alternatives.

**Solution Implemented:**
Conducted onboarding workshops. Our Customer Success team worked closely with their leadership to create a customized plan.

**Results:**
- Feature adoption increased from 36% to 94%
- User engagement improved by 93%
- Support tickets reduced by 69%
- Successfully renewed and expanded contract
- Became a reference customer and advocate

**Key Learnings:**
Early intervention and personalized support plans are critical for Enterprise customers facing adoption challenges."
SUCCESS-038,DevOpsHub Solutions,Enterprise,How DevOpsHub Solutions Overcame Competition and Increased Adoption by 42%,Competition,Competitor cheaper,Added requested features quickly,384393,225,45,87,99,41,"**Company:** DevOpsHub Solutions
**Segment:** Enterprise
**Team Size:** 225 employees
**ARR:** $384,393

**Challenge:**
DevOpsHub Solutions was facing competitor cheaper. Their feature adoption was only 45% and they were considering alternatives.

**Solution Implemented:**
Added requested features quickly. Our Customer Success team worked closely with their leadership to create a customized plan.

**Results:**
- Feature adoption increased from 45% to 87%
- User engagement improved by 99%
- Support tickets reduced by 41%
- Successfully renewed and expanded contract
- Became a reference customer and advocate

**Key Learnings:**
Early intervention and personalized support plans are critical for Enterprise customers facing competition."
SUCCESS-039,AuditPro Systems,Commercial,How AuditPro Systems Overcame Pricing Concerns and Increased Adoption by 50%,Pricing Concerns,Budget cuts,Provided credits for referrals,91229,68,34,84,34,42,"**Company:** AuditPro Systems
**Segment:** Commercial
**Team Size:** 68 employees
**ARR:** $91,229

**Challenge:**
AuditPro Systems was facing budget cuts. Their feature adoption was only 34% and they were considering alternatives.

**Solution Implemented:**
Provided credits for referrals. Our Customer Success team worked closely with their leadership to create a customized plan.

**Results:**
- Feature adoption increased from 34% to 84%
- User engagement improved by 34%
- Support tickets reduced by 42%
- Successfully renewed and expanded contract
- Became a reference customer and advocate

**Key Learnings:**
Early intervention and personalized support plans are critical for Commercial customers facing pricing concerns."
SUCCESS-040,AnalyticsCo Technologies,Enterprise,How AnalyticsCo Technologies Overcame Support Issues and Increased Adoption by 63%,Support Issues,Unresolved bugs,Improved response SLA,325800,118,29,92,79,71,"**Company:** AnalyticsCo Technologies
**Segment:** Enterprise
**Team Size:** 118 employees
**ARR:** $325,800

**Challenge:**
AnalyticsCo Technologies was facing unresolved bugs. Their feature adoption was only 29% and they were considering alternatives.

**Solution Implemented:**
Improved response SLA. Our Customer Success team worked closely with their leadership to create a customized plan.

**Results:**
- Feature adoption increased from 29% to 92%
- User engagement improved by 79%
- Support tickets reduced by 71%
- Successfully renewed and expanded contract
- Became a reference customer and advocate

**Key Learnings:**
Early intervention and personalized support plans are critical for Enterprise customers facing support issues."
SUCCESS-041,AuditPro Systems,Enterprise,How AuditPro Systems Overcame Competition and Increased Adoption by 28%,Competition,Better UX elsewhere,Improved product based on feedback,349514,337,47,75,94,43,"**Company:** AuditPro Systems
**Segment:** Enterprise
**Team Size:** 337 employees
**ARR:** $349,514

**Challenge:**
AuditPro Systems was facing better ux elsewhere. Their feature adoption was only 47% and they were considering alternatives.

**Solution Implemented:**
Improved product based on feedback. Our Customer Success team worked closely with their leadership to create a customized plan.

**Results:**
- Feature adoption increased from 47% to 75%
- User engagement improved by 94%
- Support tickets reduced by 43%
- Successfully renewed and expanded contract
- Became a reference customer and advocate

**Key Learnings:**
Early intervention and personalized support plans are critical for Enterprise customers facing competition."
SUCCESS-042,WorkflowPro Solutions,Commercial,How WorkflowPro Solutions Overcame Adoption Challenges and Increased Adoption by 49%,Adoption Challenges,Too hard to onboard,Simplified user interface,87281,61,21,70,105,42,"**Company:** WorkflowPro Solutions
**Segment:** Commercial
**Team Size:** 61 employees
**ARR:** $87,281

**Challenge:**
WorkflowPro Solutions was facing too hard to onboard. Their feature adoption was only 21% and they were considering alternatives.

**Solution Implemented:**
Simplified user interface. Our Customer Success team worked closely with their leadership to create a customized plan.

**Results:**
- Feature adoption increased from 21% to 70%
- User engagement improved by 105%
- Support tickets reduced by 42%
- Successfully renewed and expanded contract
- Became a reference customer and advocate

**Key Learnings:**
Early intervention and personalized support plans are critical for Commercial customers facing adoption challenges."
SUCCESS-043,StreamPro Solutions,Commercial,How StreamPro Solutions Overcame Adoption Challenges and Increased Adoption by 48%,Adoption Challenges,Team not using it,Simplified user interface,99882,32,33,81,75,66,"**Company:** StreamPro Solutions
**Segment:** Commercial
**Team Size:** 32 employees
**ARR:** $99,882

**Challenge:**
StreamPro Solutions was facing team not using it. Their feature adoption was only 33% and they were considering alternatives.

**Solution Implemented:**
Simplified user interface. Our Customer Success team worked closely with their leadership to create a customized plan.

**Results:**
- Feature adoption increased from 33% to 81%
- User engagement improved by 75%
- Support tickets reduced by 66%
- Successfully renewed and expanded contract
- Became a reference customer and advocate

**Key Learnings:**
Early intervention and personalized support plans are critical for Commercial customers facing adoption challenges."
SUCCESS-044,MetricsDash Systems,Enterprise,How MetricsDash Systems Overcame Product Fit and Increased Adoption by 34%,Product Fit,Too complex,Built custom integration,439782,209,38,72,146,44,"**Company:** MetricsDash Systems
**Segment:** Enterprise
**Team Size:** 209 employees
**ARR:** $439,782

**Challenge:**
MetricsDash Systems was facing too complex. Their feature adoption was only 38% and they were considering alternatives.

**Solution Implemented:**
Built custom integration. Our Customer Success team worked closely with their leadership to create a customized plan.

**Results:**
- Feature adoption increased from 38% to 72%
- User engagement improved by 146%
- Support tickets reduced by 44%
- Successfully renewed and expanded contract
- Became a reference customer and advocate

**Key Learnings:**
Early intervention and personalized support plans are critical for Enterprise customers facing product fit."
SUCCESS-045,LoadBalance Solutions,SMB,How LoadBalance Solutions Overcame Support Issues and Increased Adoption by 63%,Support Issues,Unresolved bugs,Assigned dedicated success manager,45285,15,21,84,114,67,"**Company:** LoadBalance Solutions
**Segment:** SMB
**Team Size:** 15 employees
**ARR:** $45,285

**Challenge:**
LoadBalance Solutions was facing unresolved bugs. Their feature adoption was only 21% and they were considering alternatives.

**Solution Implemented:**
Assigned dedicated success manager. Our Customer Success team worked closely with their leadership to create a customized plan.

**Results:**
- Feature adoption increased from 21% to 84%
- User engagement improved by 114%
- Support tickets reduced by 67%
- Successfully renewed and expanded contract
- Became a reference customer and advocate

**Key Learnings:**
Early intervention and personalized support plans are critical for SMB customers facing support issues."
SUCCESS-046,MicroServe Technologies,Commercial,How MicroServe Technologies Overcame Support Issues and Increased Adoption by 52%,Support Issues,Slow response,Improved response SLA,127068,22,30,82,103,64,"**Company:** MicroServe Technologies
**Segment:** Commercial
**Team Size:** 22 employees
**ARR:** $127,068

**Challenge:**
MicroServe Technologies was facing slow response. Their feature adoption was only 30% and they were considering alternatives.

**Solution Implemented:**
Improved response SLA. Our Customer Success team worked closely with their leadership to create a customized plan.

**Results:**
- Feature adoption increased from 30% to 82%
- User engagement improved by 103%
- Support tickets reduced by 64%
- Successfully renewed and expanded contract
- Became a reference customer and advocate

**Key Learnings:**
Early intervention and personalized support plans are critical for Commercial customers facing support issues."
SUCCESS-047,ScaleSystems Technologies,SMB,How ScaleSystems Technologies Overcame Competition and Increased Adoption by 59%,Competition,Competitor has better features,Matched competitor pricing,32017,20,36,95,127,61,"**Company:** ScaleSystems Technologies
**Segment:** SMB
**Team Size:** 20 employees
**ARR:** $32,017

**Challenge:**
ScaleSystems Technologies was facing competitor has better features. Their feature adoption was only 36% and they were considering alternatives.

**Solution Implemented:**
Matched competitor pricing. Our Customer Success team worked closely with their leadership to create a customized plan.

**Results:**
- Feature adoption increased from 36% to 95%
- User engagement improved by 127%
- Support tickets reduced by 61%
- Successfully renewed and expanded contract
- Became a reference customer and advocate

**Key Learnings:**
Early intervention and personalized support plans are critical for SMB customers facing competition."
SUCCESS-048,AnalyticsCo Technologies,Commercial,How AnalyticsCo Technologies Overcame Support Issues and Increased Adoption by 41%,Support Issues,No training,Created custom training program,115136,29,46,87,57,58,"**Company:** AnalyticsCo Technologies
**Segment:** Commercial
**Team Size:** 29 employees
**ARR:** $115,136

**Challenge:**
AnalyticsCo Technologies was facing no training. Their feature adoption was only 46% and they were considering alternatives.

**Solution Implemented:**
Created custom training program. Our Customer Success team worked closely with their leadership to create a customized plan.

**Results:**
- Feature adoption increased from 46% to 87%
- User engagement improved by 57%
- Support tickets reduced by 58%
- Successfully renewed and expanded contract
- Became a reference customer and advocate

**Key Learnings:**
Early intervention and personalized support plans are critical for Commercial customers facing support issues."
SUCCESS-049,AIForge Systems,Commercial,How AIForge Systems Overcame Adoption Challenges and Increased Adoption by 46%,Adoption Challenges,Too hard to onboard,Created internal champions program,131863,31,42,88,42,77,"**Company:** AIForge Systems
**Segment:** Commercial
**Team Size:** 31 employees
**ARR:** $131,863

**Challenge:**
AIForge Systems was facing too hard to onboard. Their feature adoption was only 42% and they were considering alternatives.

**Solution Implemented:**
Created internal champions program. Our Customer Success team worked closely with their leadership to create a customized plan.

**Results:**
- Feature adoption increased from 42% to 88%
- User engagement improved by 42%
- Support tickets reduced by 77%
- Successfully renewed and expanded contract
- Became a reference customer and advocate

**Key Learnings:**
Early intervention and personalized support plans are critical for Commercial customers facing adoption challenges."
SUCCESS-050,ScaleSystems Solutions,SMB,How ScaleSystems Solutions Overcame Adoption Challenges and Increased Adoption by 64%,Adoption Challenges,Lack of champions,Provided implementation support,37990,11,31,95,39,59,"**Company:** ScaleSystems Solutions
**Segment:** SMB
**Team Size:** 11 employees
**ARR:** $37,990

**Challenge:**
ScaleSystems Solutions was facing lack of champions. Their feature adoption was only 31% and they were considering alternatives.

**Solution Implemented:**
Provided implementation support. Our Customer Success team worked closely with their leadership to create a customized plan.

**Results:**
- Feature adoption increased from 31% to 95%
- User engagement improved by 39%
- Support tickets reduced by 59%
- Successfully renewed and expanded contract
- Became a reference customer and advocate

**Key Learnings:**
Early intervention and personalized support plans are critical for SMB customers facing adoption challenges."
