ticket_id,company_name,segment,category,issue_type,severity,created_date,resolved_date,resolution_hours,description,resolution_notes,csat_score
TICKET-00001,SecurityFirst Corp,SMB,Training,Documentation request,High,2025-02-14 21:43,2025-02-15 23:43,26,SecurityFirst Corp (SMB) reported: Documentation request. Severity: High. Impacting business operations. ,Resolved by providing feature update. Customer satisfaction: 4/5.,4
TICKET-00002,SecureNet Inc,Commercial,Billing,Payment issue,High,2025-04-12 21:43,2025-04-13 10:43,13,SecureNet Inc (Commercial) reported: Payment issue. Severity: High. Impacting business operations. ,Resolved by providing workaround. Customer satisfaction: 3/5.,3
TICKET-00003,TechFlow Corp,SMB,Billing,Payment issue,Low,2025-03-14 21:43,2025-03-21 02:43,149,TechFlow Corp (SMB) reported: Payment issue. Severity: Low. ,Resolved by providing documentation. Customer satisfaction: 4/5.,4
TICKET-00004,TechFlow LLC,Commercial,Feature,Missing functionality,High,2025-02-02 21:43,2025-02-03 13:43,16,TechFlow LLC (Commercial) reported: Missing functionality. Severity: High. Impacting business operations. ,Resolved by providing feature update. Customer satisfaction: 4/5.,4
TICKET-00005,IntegrationHQ LLC,SMB,Feature,UI/UX feedback,Medium,2025-04-30 21:43,2025-05-02 18:43,45,IntegrationHQ LLC (SMB) reported: UI/UX feedback. Severity: Medium. ,Resolved by providing configuration change. Customer satisfaction: 1/5.,1
TICKET-00006,MonitorPlus Inc,Enterprise,Billing,Payment issue,High,2024-12-12 21:43,2024-12-14 03:43,30,MonitorPlus Inc (Enterprise) reported: Payment issue. Severity: High. Impacting business operations. ,Resolved by providing workaround. Customer satisfaction: 2/5.,2
TICKET-00007,AnalyticsCo Inc,Commercial,Technical,Data sync problem,Critical,2024-12-28 21:43,2024-12-29 02:43,5,AnalyticsCo Inc (Commercial) reported: Data sync problem. Severity: Critical. Impacting business operations. ,Resolved by providing configuration change. Customer satisfaction: 5/5.,5
TICKET-00008,DevOpsHub LLC,SMB,Feature,Missing functionality,Low,2025-02-09 21:43,2025-02-12 20:43,71,DevOpsHub LLC (SMB) reported: Missing functionality. Severity: Low. ,Resolved by providing documentation. Customer satisfaction: 1/5.,1
TICKET-00009,AIForge Inc,Enterprise,Training,How-to question,Low,2025-07-13 21:43,2025-07-16 11:43,62,AIForge Inc (Enterprise) reported: How-to question. Severity: Low. ,Resolved by providing configuration change. Customer satisfaction: 1/5.,1
TICKET-00010,DevOpsHub LLC,Commercial,Billing,Plan change request,Critical,2025-05-03 21:43,2025-05-04 09:43,12,DevOpsHub LLC (Commercial) reported: Plan change request. Severity: Critical. Impacting business operations. ,Resolved by providing documentation. Customer satisfaction: 1/5.,1
TICKET-00011,CloudVision Inc,SMB,Billing,Plan change request,Critical,2025-10-04 21:43,2025-10-05 00:43,3,CloudVision Inc (SMB) reported: Plan change request. Severity: Critical. Impacting business operations. ,Resolved by providing documentation. Customer satisfaction: 2/5.,2
TICKET-00012,DisasterRecovery LLC,SMB,Technical,Integration issue,Critical,2025-04-26 21:43,2025-04-27 01:43,4,DisasterRecovery LLC (SMB) reported: Integration issue. Severity: Critical. Impacting business operations. ,Resolved by providing fix. Customer satisfaction: 1/5.,1
TICKET-00013,DataBridge Corp,SMB,Feature,UI/UX feedback,High,2025-04-24 21:43,2025-04-25 21:43,24,DataBridge Corp (SMB) reported: UI/UX feedback. Severity: High. Impacting business operations. ,Resolved by providing workaround. Customer satisfaction: 2/5.,2
TICKET-00014,ComplianceHub Corp,Enterprise,Technical,Performance slow,High,2025-03-08 21:43,2025-03-09 13:43,16,ComplianceHub Corp (Enterprise) reported: Performance slow. Severity: High. Impacting business operations. ,Resolved by providing workaround. Customer satisfaction: 3/5.,3
TICKET-00015,LoadBalance Corp,SMB,Technical,Integration issue,Critical,2024-12-20 21:43,2024-12-21 03:43,6,LoadBalance Corp (SMB) reported: Integration issue. Severity: Critical. Impacting business operations. ,Resolved by providing fix. Customer satisfaction: 1/5.,1
TICKET-00016,BackupCloud LLC,Enterprise,Technical,Data sync problem,Low,2025-07-08 21:43,2025-07-10 07:43,34,BackupCloud LLC (Enterprise) reported: Data sync problem. Severity: Low. ,Resolved by providing configuration change. Customer satisfaction: 5/5.,5
TICKET-00017,SecurityFirst Corp,SMB,Billing,Invoice question,Medium,2025-07-05 21:43,2025-07-09 00:43,75,SecurityFirst Corp (SMB) reported: Invoice question. Severity: Medium. ,Resolved by providing feature update. Customer satisfaction: 1/5.,1
TICKET-00018,ScaleSystems Corp,SMB,Technical,Performance slow,Medium,2024-12-14 21:43,2024-12-18 05:43,80,ScaleSystems Corp (SMB) reported: Performance slow. Severity: Medium. ,Resolved by providing fix. Customer satisfaction: 1/5.,1
TICKET-00019,CloudScale Inc,Commercial,Billing,Plan change request,Low,2025-08-03 21:43,2025-08-08 21:43,120,CloudScale Inc (Commercial) reported: Plan change request. Severity: Low. ,Resolved by providing fix. Customer satisfaction: 3/5.,3
TICKET-00020,AIForge Inc,Commercial,Training,Setup help,Critical,2025-02-05 21:43,2025-02-06 01:43,4,AIForge Inc (Commercial) reported: Setup help. Severity: Critical. Impacting business operations. ,Resolved by providing fix. Customer satisfaction: 5/5.,5
TICKET-00021,APIGateway LLC,Commercial,Training,Setup help,Medium,2025-01-07 21:43,2025-01-08 17:43,20,APIGateway LLC (Commercial) reported: Setup help. Severity: Medium. ,Resolved by providing fix. Customer satisfaction: 5/5.,5
TICKET-00022,DataBridge LLC,Commercial,Billing,Plan change request,Critical,2025-11-09 21:43,2025-11-10 09:43,12,DataBridge LLC (Commercial) reported: Plan change request. Severity: Critical. Impacting business operations. ,Resolved by providing workaround. Customer satisfaction: 2/5.,2
TICKET-00023,ContainerOps LLC,Enterprise,Feature,Workflow improvement,Critical,2025-10-08 21:43,2025-10-09 01:43,4,ContainerOps LLC (Enterprise) reported: Workflow improvement. Severity: Critical. Impacting business operations. ,Resolved by providing configuration change. Customer satisfaction: 5/5.,5
TICKET-00024,AuditPro Corp,SMB,Billing,Payment issue,High,2025-04-14 21:43,2025-04-15 08:43,11,AuditPro Corp (SMB) reported: Payment issue. Severity: High. Impacting business operations. ,Resolved by providing feature update. Customer satisfaction: 1/5.,1
TICKET-00025,LogStream Inc,SMB,Feature,Feature request,Medium,2025-10-24 21:43,2025-10-25 22:43,25,LogStream Inc (SMB) reported: Feature request. Severity: Medium. ,Resolved by providing fix. Customer satisfaction: 4/5.,4
TICKET-00026,InnovateLabs Inc,Enterprise,Training,Documentation request,High,2025-02-13 21:43,2025-02-14 04:43,7,InnovateLabs Inc (Enterprise) reported: Documentation request. Severity: High. Impacting business operations. ,Resolved by providing fix. Customer satisfaction: 3/5.,3
TICKET-00027,ContainerOps Corp,SMB,Technical,Integration issue,Critical,2024-12-09 21:43,2024-12-09 23:43,2,ContainerOps Corp (SMB) reported: Integration issue. Severity: Critical. Impacting business operations. ,Resolved by providing workaround. Customer satisfaction: 4/5.,4
TICKET-00028,MetricsDash Corp,Enterprise,Training,Setup help,Low,2024-11-12 21:43,2024-11-16 17:43,92,MetricsDash Corp (Enterprise) reported: Setup help. Severity: Low. ,Resolved by providing workaround. Customer satisfaction: 5/5.,5
TICKET-00029,ComplianceHub Inc,Commercial,Technical,Integration issue,Low,2025-02-17 21:43,2025-02-19 22:43,49,ComplianceHub Inc (Commercial) reported: Integration issue. Severity: Low. ,Resolved by providing feature update. Customer satisfaction: 2/5.,2
TICKET-00030,WorkflowPro Inc,SMB,Feature,Feature request,Critical,2025-01-28 21:43,2025-01-29 09:43,12,WorkflowPro Inc (SMB) reported: Feature request. Severity: Critical. Impacting business operations. ,Resolved by providing feature update. Customer satisfaction: 1/5.,1
TICKET-00031,MetricsDash Corp,Commercial,Training,How-to question,Medium,2025-08-16 21:43,2025-08-20 07:43,82,MetricsDash Corp (Commercial) reported: How-to question. Severity: Medium. ,Resolved by providing feature update. Customer satisfaction: 4/5.,4
TICKET-00032,ScaleSystems Corp,SMB,Training,Setup help,High,2025-06-01 21:43,2025-06-03 00:43,27,ScaleSystems Corp (SMB) reported: Setup help. Severity: High. Impacting business operations. ,Resolved by providing configuration change. Customer satisfaction: 4/5.,4
TICKET-00033,DisasterRecovery Corp,Commercial,Feature,Feature request,High,2025-05-01 21:43,2025-05-03 00:43,27,DisasterRecovery Corp (Commercial) reported: Feature request. Severity: High. Impacting business operations. ,Resolved by providing configuration change. Customer satisfaction: 4/5.,4
TICKET-00034,WorkflowPro Inc,Enterprise,Technical,Performance slow,Low,2025-01-08 21:43,2025-01-15 09:43,156,WorkflowPro Inc (Enterprise) reported: Performance slow. Severity: Low. ,Resolved by providing documentation. Customer satisfaction: 2/5.,2
TICKET-00035,TechFlow LLC,SMB,Feature,Workflow improvement,High,2025-10-29 21:43,2025-10-31 12:43,39,TechFlow LLC (SMB) reported: Workflow improvement. Severity: High. Impacting business operations. ,Resolved by providing feature update. Customer satisfaction: 5/5.,5
TICKET-00036,MicroServe Corp,SMB,Technical,API error,High,2025-03-19 21:43,2025-03-20 10:43,13,MicroServe Corp (SMB) reported: API error. Severity: High. Impacting business operations. ,Resolved by providing documentation. Customer satisfaction: 2/5.,2
TICKET-00037,MetricsDash Corp,SMB,Feature,Workflow improvement,Low,2025-06-09 21:43,2025-06-15 03:43,126,MetricsDash Corp (SMB) reported: Workflow improvement. Severity: Low. ,Resolved by providing fix. Customer satisfaction: 5/5.,5
TICKET-00038,ComplianceHub Inc,Enterprise,Billing,Plan change request,Critical,2025-08-13 21:43,2025-08-14 09:43,12,ComplianceHub Inc (Enterprise) reported: Plan change request. Severity: Critical. Impacting business operations. ,Resolved by providing workaround. Customer satisfaction: 5/5.,5
TICKET-00039,ContainerOps Corp,Commercial,Technical,Authentication failure,Low,2025-04-28 21:43,2025-04-30 11:43,38,ContainerOps Corp (Commercial) reported: Authentication failure. Severity: Low. ,Resolved by providing documentation. Customer satisfaction: 3/5.,3
TICKET-00040,CacheMaster LLC,Commercial,Technical,Integration issue,Low,2024-12-10 21:43,2024-12-15 22:43,121,CacheMaster LLC (Commercial) reported: Integration issue. Severity: Low. ,Resolved by providing documentation. Customer satisfaction: 1/5.,1
TICKET-00041,DevTools Inc,Commercial,Feature,Workflow improvement,Medium,2025-02-25 21:43,2025-02-27 04:43,31,DevTools Inc (Commercial) reported: Workflow improvement. Severity: Medium. ,Resolved by providing configuration change. Customer satisfaction: 1/5.,1
TICKET-00042,DataBridge Corp,Enterprise,Technical,Integration issue,High,2025-04-02 21:43,2025-04-04 02:43,29,DataBridge Corp (Enterprise) reported: Integration issue. Severity: High. Impacting business operations. ,Resolved by providing fix. Customer satisfaction: 2/5.,2
TICKET-00043,ScaleSystems Inc,Commercial,Technical,Authentication failure,High,2025-04-19 21:43,2025-04-20 06:43,9,ScaleSystems Inc (Commercial) reported: Authentication failure. Severity: High. Impacting business operations. ,Resolved by providing feature update. Customer satisfaction: 4/5.,4
TICKET-00044,IntegrationHQ Corp,SMB,Feature,UI/UX feedback,Medium,2025-01-27 21:43,2025-01-30 23:43,74,IntegrationHQ Corp (SMB) reported: UI/UX feedback. Severity: Medium. ,Resolved by providing feature update. Customer satisfaction: 4/5.,4
TICKET-00045,DevOpsHub Corp,Enterprise,Feature,Feature request,High,2025-10-04 21:43,2025-10-06 04:43,31,DevOpsHub Corp (Enterprise) reported: Feature request. Severity: High. Impacting business operations. ,Resolved by providing feature update. Customer satisfaction: 3/5.,3
TICKET-00046,CloudVision Inc,Enterprise,Training,Documentation request,High,2025-05-06 21:43,2025-05-07 13:43,16,CloudVision Inc (Enterprise) reported: Documentation request. Severity: High. Impacting business operations. ,Resolved by providing documentation. Customer satisfaction: 3/5.,3
TICKET-00047,ContainerOps Corp,SMB,Billing,Pricing clarification,Critical,2025-05-14 21:43,2025-05-15 07:43,10,ContainerOps Corp (SMB) reported: Pricing clarification. Severity: Critical. Impacting business operations. ,Resolved by providing configuration change. Customer satisfaction: 2/5.,2
TICKET-00048,DataSync Inc,SMB,Billing,Pricing clarification,Low,2025-09-27 21:43,2025-09-29 10:43,37,DataSync Inc (SMB) reported: Pricing clarification. Severity: Low. ,Resolved by providing feature update. Customer satisfaction: 2/5.,2
TICKET-00049,QueueManager Inc,Commercial,Technical,Performance slow,Low,2024-11-19 21:43,2024-11-24 03:43,102,QueueManager Inc (Commercial) reported: Performance slow. Severity: Low. ,Resolved by providing configuration change. Customer satisfaction: 4/5.,4
TICKET-00050,TechFlow LLC,SMB,Feature,Feature request,High,2025-02-03 21:43,2025-02-05 12:43,39,TechFlow LLC (SMB) reported: Feature request. Severity: High. Impacting business operations. ,Resolved by providing feature update. Customer satisfaction: 4/5.,4
TICKET-00051,ComplianceHub Inc,Enterprise,Technical,Data sync problem,Low,2025-01-15 21:43,2025-01-19 14:43,89,ComplianceHub Inc (Enterprise) reported: Data sync problem. Severity: Low. ,Resolved by providing workaround. Customer satisfaction: 2/5.,2
TICKET-00052,CodeCraft Inc,Enterprise,Billing,Invoice question,Low,2025-03-16 21:43,2025-03-18 14:43,41,CodeCraft Inc (Enterprise) reported: Invoice question. Severity: Low. ,Resolved by providing documentation. Customer satisfaction: 4/5.,4
TICKET-00053,LogStream Corp,Commercial,Technical,API error,Critical,2025-06-13 21:43,2025-06-14 01:43,4,LogStream Corp (Commercial) reported: API error. Severity: Critical. Impacting business operations. ,Resolved by providing feature update. Customer satisfaction: 4/5.,4
TICKET-00054,SecurityFirst Inc,Commercial,Training,How-to question,Medium,2025-08-06 21:43,2025-08-10 01:43,76,SecurityFirst Inc (Commercial) reported: How-to question. Severity: Medium. ,Resolved by providing feature update. Customer satisfaction: 4/5.,4
TICKET-00055,QueueManager Corp,SMB,Technical,Integration issue,High,2025-02-11 21:43,2025-02-12 22:43,25,QueueManager Corp (SMB) reported: Integration issue. Severity: High. Impacting business operations. ,Resolved by providing configuration change. Customer satisfaction: 4/5.,4
TICKET-00056,ComplianceHub Inc,SMB,Billing,Payment issue,High,2025-05-12 21:43,2025-05-13 16:43,19,ComplianceHub Inc (SMB) reported: Payment issue. Severity: High. Impacting business operations. ,Resolved by providing documentation. Customer satisfaction: 5/5.,5
TICKET-00057,BackupCloud Inc,Enterprise,Billing,Plan change request,High,2025-10-25 21:43,2025-10-26 15:43,18,BackupCloud Inc (Enterprise) reported: Plan change request. Severity: High. Impacting business operations. ,Resolved by providing documentation. Customer satisfaction: 2/5.,2
TICKET-00058,CacheMaster LLC,Enterprise,Feature,Missing functionality,Medium,2025-04-28 21:43,2025-05-01 14:43,65,CacheMaster LLC (Enterprise) reported: Missing functionality. Severity: Medium. ,Resolved by providing feature update. Customer satisfaction: 2/5.,2
TICKET-00059,StreamPro LLC,Commercial,Billing,Plan change request,Medium,2025-02-05 21:43,2025-02-07 11:43,38,StreamPro LLC (Commercial) reported: Plan change request. Severity: Medium. ,Resolved by providing feature update. Customer satisfaction: 2/5.,2
TICKET-00060,APIGateway Corp,SMB,Feature,Workflow improvement,Medium,2024-11-22 21:43,2024-11-25 16:43,67,APIGateway Corp (SMB) reported: Workflow improvement. Severity: Medium. ,Resolved by providing feature update. Customer satisfaction: 2/5.,2
TICKET-00061,QueueManager Inc,Commercial,Technical,Authentication failure,Low,2025-02-10 21:43,2025-02-13 20:43,71,QueueManager Inc (Commercial) reported: Authentication failure. Severity: Low. ,Resolved by providing fix. Customer satisfaction: 3/5.,3
TICKET-00062,ComplianceHub Inc,Commercial,Training,Documentation request,Critical,2025-06-07 21:43,2025-06-08 09:43,12,ComplianceHub Inc (Commercial) reported: Documentation request. Severity: Critical. Impacting business operations. ,Resolved by providing fix. Customer satisfaction: 3/5.,3
TICKET-00063,AuditPro Inc,SMB,Feature,Feature request,High,2025-10-27 21:43,2025-10-29 15:43,42,AuditPro Inc (SMB) reported: Feature request. Severity: High. Impacting business operations. ,Resolved by providing feature update. Customer satisfaction: 5/5.,5
TICKET-00064,SecureNet Corp,SMB,Feature,Missing functionality,Low,2025-05-10 21:43,2025-05-16 23:43,146,SecureNet Corp (SMB) reported: Missing functionality. Severity: Low. ,Resolved by providing feature update. Customer satisfaction: 2/5.,2
TICKET-00065,LoadBalance Corp,Commercial,Billing,Pricing clarification,Critical,2025-04-25 21:43,2025-04-26 05:43,8,LoadBalance Corp (Commercial) reported: Pricing clarification. Severity: Critical. Impacting business operations. ,Resolved by providing fix. Customer satisfaction: 2/5.,2
TICKET-00066,DevOpsHub Inc,SMB,Training,How-to question,Critical,2025-06-24 21:43,2025-06-25 01:43,4,DevOpsHub Inc (SMB) reported: How-to question. Severity: Critical. Impacting business operations. ,Resolved by providing fix. Customer satisfaction: 2/5.,2
TICKET-00067,CloudVision Inc,Commercial,Training,Setup help,Medium,2025-03-20 21:43,2025-03-23 15:43,66,CloudVision Inc (Commercial) reported: Setup help. Severity: Medium. ,Resolved by providing workaround. Customer satisfaction: 4/5.,4
TICKET-00068,ContainerOps Corp,Commercial,Billing,Plan change request,Low,2024-12-31 21:43,2025-01-07 10:43,157,ContainerOps Corp (Commercial) reported: Plan change request. Severity: Low. ,Resolved by providing configuration change. Customer satisfaction: 1/5.,1
TICKET-00069,DataBridge Inc,SMB,Training,How-to question,Critical,2025-01-28 21:43,2025-01-29 06:43,9,DataBridge Inc (SMB) reported: How-to question. Severity: Critical. Impacting business operations. ,Resolved by providing fix. Customer satisfaction: 1/5.,1
TICKET-00070,CodeCraft LLC,Commercial,Billing,Payment issue,Medium,2025-03-18 21:43,2025-03-21 15:43,66,CodeCraft LLC (Commercial) reported: Payment issue. Severity: Medium. ,Resolved by providing feature update. Customer satisfaction: 3/5.,3
TICKET-00071,QueueManager Inc,Enterprise,Feature,UI/UX feedback,Critical,2024-12-14 21:43,2024-12-14 23:43,2,QueueManager Inc (Enterprise) reported: UI/UX feedback. Severity: Critical. Impacting business operations. ,Resolved by providing workaround. Customer satisfaction: 5/5.,5
TICKET-00072,AnalyticsCo Corp,Enterprise,Feature,UI/UX feedback,High,2025-04-12 21:43,2025-04-14 05:43,32,AnalyticsCo Corp (Enterprise) reported: UI/UX feedback. Severity: High. Impacting business operations. ,Resolved by providing fix. Customer satisfaction: 1/5.,1
TICKET-00073,DataBridge Corp,Enterprise,Feature,UI/UX feedback,High,2025-09-24 21:43,2025-09-25 21:43,24,DataBridge Corp (Enterprise) reported: UI/UX feedback. Severity: High. Impacting business operations. ,Resolved by providing workaround. Customer satisfaction: 2/5.,2
TICKET-00074,CloudVision Inc,Enterprise,Training,Setup help,Critical,2025-09-27 21:43,2025-09-28 09:43,12,CloudVision Inc (Enterprise) reported: Setup help. Severity: Critical. Impacting business operations. ,Resolved by providing feature update. Customer satisfaction: 5/5.,5
TICKET-00075,AnalyticsCo LLC,Enterprise,Training,How-to question,High,2025-08-14 21:43,2025-08-16 13:43,40,AnalyticsCo LLC (Enterprise) reported: How-to question. Severity: High. Impacting business operations. ,Resolved by providing fix. Customer satisfaction: 2/5.,2
TICKET-00076,LoadBalance Inc,SMB,Technical,Data sync problem,High,2025-06-05 21:43,2025-06-07 05:43,32,LoadBalance Inc (SMB) reported: Data sync problem. Severity: High. Impacting business operations. ,Resolved by providing fix. Customer satisfaction: 3/5.,3
TICKET-00077,InnovateLabs Inc,SMB,Technical,Authentication failure,Low,2025-07-03 21:43,2025-07-09 18:43,141,InnovateLabs Inc (SMB) reported: Authentication failure. Severity: Low. ,Resolved by providing configuration change. Customer satisfaction: 4/5.,4
TICKET-00078,APIGateway Inc,Enterprise,Training,Best practices,Critical,2025-07-21 21:43,2025-07-22 05:43,8,APIGateway Inc (Enterprise) reported: Best practices. Severity: Critical. Impacting business operations. ,Resolved by providing configuration change. Customer satisfaction: 4/5.,4
TICKET-00079,CloudVision Corp,Enterprise,Technical,Integration issue,High,2025-02-02 21:43,2025-02-04 16:43,43,CloudVision Corp (Enterprise) reported: Integration issue. Severity: High. Impacting business operations. ,Resolved by providing fix. Customer satisfaction: 5/5.,5
TICKET-00080,DataSync Inc,SMB,Technical,Performance slow,Medium,2025-10-22 21:43,2025-10-23 13:43,16,DataSync Inc (SMB) reported: Performance slow. Severity: Medium. ,Resolved by providing feature update. Customer satisfaction: 5/5.,5
TICKET-00081,CodeCraft LLC,SMB,Technical,API error,Medium,2025-04-10 21:43,2025-04-12 05:43,32,CodeCraft LLC (SMB) reported: API error. Severity: Medium. ,Resolved by providing feature update. Customer satisfaction: 3/5.,3
TICKET-00082,LogStream Corp,Enterprise,Feature,UI/UX feedback,High,2025-01-17 21:43,2025-01-18 03:43,6,LogStream Corp (Enterprise) reported: UI/UX feedback. Severity: High. Impacting business operations. ,Resolved by providing documentation. Customer satisfaction: 1/5.,1
TICKET-00083,ScaleSystems LLC,Commercial,Technical,Data sync problem,Low,2025-02-01 21:43,2025-02-05 23:43,98,ScaleSystems LLC (Commercial) reported: Data sync problem. Severity: Low. ,Resolved by providing fix. Customer satisfaction: 4/5.,4
TICKET-00084,InnovateLabs Corp,Commercial,Billing,Plan change request,Medium,2025-02-14 21:43,2025-02-16 11:43,38,InnovateLabs Corp (Commercial) reported: Plan change request. Severity: Medium. ,Resolved by providing workaround. Customer satisfaction: 5/5.,5
TICKET-00085,InnovateLabs Corp,Enterprise,Technical,Data sync problem,High,2024-11-22 21:43,2024-11-24 04:43,31,InnovateLabs Corp (Enterprise) reported: Data sync problem. Severity: High. Impacting business operations. ,Resolved by providing documentation. Customer satisfaction: 5/5.,5
TICKET-00086,AIForge Corp,Enterprise,Billing,Pricing clarification,Critical,2024-12-30 21:43,2024-12-31 06:43,9,AIForge Corp (Enterprise) reported: Pricing clarification. Severity: Critical. Impacting business operations. ,Resolved by providing configuration change. Customer satisfaction: 4/5.,4
TICKET-00087,BackupCloud Inc,Enterprise,Feature,Workflow improvement,Low,2025-08-02 21:43,2025-08-05 03:43,54,BackupCloud Inc (Enterprise) reported: Workflow improvement. Severity: Low. ,Resolved by providing configuration change. Customer satisfaction: 1/5.,1
TICKET-00088,MonitorPlus Inc,Enterprise,Feature,UI/UX feedback,Low,2025-04-12 21:43,2025-04-17 10:43,109,MonitorPlus Inc (Enterprise) reported: UI/UX feedback. Severity: Low. ,Resolved by providing feature update. Customer satisfaction: 3/5.,3
TICKET-00089,BackupCloud Corp,SMB,Technical,Integration issue,High,2024-11-21 21:43,2024-11-22 17:43,20,BackupCloud Corp (SMB) reported: Integration issue. Severity: High. Impacting business operations. ,Resolved by providing documentation. Customer satisfaction: 1/5.,1
TICKET-00090,CodeCraft Corp,Enterprise,Billing,Invoice question,High,2025-09-12 21:43,2025-09-13 22:43,25,CodeCraft Corp (Enterprise) reported: Invoice question. Severity: High. Impacting business operations. ,Resolved by providing feature update. Customer satisfaction: 4/5.,4
TICKET-00091,ContainerOps Inc,SMB,Feature,Workflow improvement,Critical,2025-05-20 21:43,2025-05-21 05:43,8,ContainerOps Inc (SMB) reported: Workflow improvement. Severity: Critical. Impacting business operations. ,Resolved by providing fix. Customer satisfaction: 1/5.,1
TICKET-00092,CloudScale Inc,Enterprise,Training,Setup help,Critical,2025-03-18 21:43,2025-03-19 09:43,12,CloudScale Inc (Enterprise) reported: Setup help. Severity: Critical. Impacting business operations. ,Resolved by providing feature update. Customer satisfaction: 1/5.,1
TICKET-00093,CodeCraft Corp,Enterprise,Billing,Invoice question,High,2025-07-26 21:43,2025-07-27 23:43,26,CodeCraft Corp (Enterprise) reported: Invoice question. Severity: High. Impacting business operations. ,Resolved by providing fix. Customer satisfaction: 1/5.,1
TICKET-00094,AIForge Inc,Commercial,Training,Best practices,Critical,2025-01-21 21:43,2025-01-22 00:43,3,AIForge Inc (Commercial) reported: Best practices. Severity: Critical. Impacting business operations. ,Resolved by providing workaround. Customer satisfaction: 5/5.,5
TICKET-00095,LoadBalance LLC,Enterprise,Billing,Invoice question,Critical,2025-06-23 21:43,2025-06-23 23:43,2,LoadBalance LLC (Enterprise) reported: Invoice question. Severity: Critical. Impacting business operations. ,Resolved by providing fix. Customer satisfaction: 4/5.,4
TICKET-00096,MetricsDash LLC,Commercial,Feature,Workflow improvement,Low,2025-08-12 21:43,2025-08-17 20:43,119,MetricsDash LLC (Commercial) reported: Workflow improvement. Severity: Low. ,Resolved by providing fix. Customer satisfaction: 1/5.,1
TICKET-00097,QueueManager Inc,Commercial,Technical,Data sync problem,Medium,2025-02-26 21:43,2025-02-28 09:43,36,QueueManager Inc (Commercial) reported: Data sync problem. Severity: Medium. ,Resolved by providing configuration change. Customer satisfaction: 3/5.,3
TICKET-00098,ComplianceHub Corp,Commercial,Billing,Pricing clarification,Medium,2025-09-20 21:43,2025-09-22 11:43,38,ComplianceHub Corp (Commercial) reported: Pricing clarification. Severity: Medium. ,Resolved by providing configuration change. Customer satisfaction: 1/5.,1
TICKET-00099,WorkflowPro Corp,Enterprise,Technical,API error,Low,2025-06-03 21:43,2025-06-05 19:43,46,WorkflowPro Corp (Enterprise) reported: API error. Severity: Low. ,Resolved by providing configuration change. Customer satisfaction: 3/5.,3
TICKET-00100,CacheMaster Inc,SMB,Billing,Invoice question,High,2025-01-18 21:43,2025-01-20 17:43,44,CacheMaster Inc (SMB) reported: Invoice question. Severity: High. Impacting business operations. ,Resolved by providing documentation. Customer satisfaction: 2/5.,2
TICKET-00101,DevOpsHub Inc,Commercial,Billing,Payment issue,Low,2025-03-29 21:43,2025-04-02 18:43,93,DevOpsHub Inc (Commercial) reported: Payment issue. Severity: Low. ,Resolved by providing fix. Customer satisfaction: 2/5.,2
TICKET-00102,AIForge Inc,SMB,Technical,Integration issue,High,2025-02-05 21:43,2025-02-07 12:43,39,AIForge Inc (SMB) reported: Integration issue. Severity: High. Impacting business operations. ,Resolved by providing documentation. Customer satisfaction: 3/5.,3
TICKET-00103,StreamPro Corp,Commercial,Feature,Feature request,High,2025-10-04 21:43,2025-10-06 16:43,43,StreamPro Corp (Commercial) reported: Feature request. Severity: High. Impacting business operations. ,Resolved by providing feature update. Customer satisfaction: 3/5.,3
TICKET-00104,DataBridge Inc,SMB,Technical,Data sync problem,Low,2024-11-29 21:43,2024-12-02 00:43,51,DataBridge Inc (SMB) reported: Data sync problem. Severity: Low. ,Resolved by providing workaround. Customer satisfaction: 4/5.,4
TICKET-00105,CloudVision LLC,Commercial,Feature,UI/UX feedback,High,2024-12-29 21:43,2024-12-30 20:43,23,CloudVision LLC (Commercial) reported: UI/UX feedback. Severity: High. Impacting business operations. ,Resolved by providing fix. Customer satisfaction: 3/5.,3
TICKET-00106,SecurityFirst Corp,Enterprise,Technical,Data sync problem,Medium,2025-01-23 21:43,2025-01-24 20:43,23,SecurityFirst Corp (Enterprise) reported: Data sync problem. Severity: Medium. ,Resolved by providing workaround. Customer satisfaction: 4/5.,4
TICKET-00107,DataBridge LLC,Enterprise,Training,Documentation request,Medium,2025-07-14 21:43,2025-07-16 03:43,30,DataBridge LLC (Enterprise) reported: Documentation request. Severity: Medium. ,Resolved by providing documentation. Customer satisfaction: 5/5.,5
TICKET-00108,QueueManager LLC,Commercial,Feature,Workflow improvement,Critical,2025-05-27 21:43,2025-05-28 05:43,8,QueueManager LLC (Commercial) reported: Workflow improvement. Severity: Critical. Impacting business operations. ,Resolved by providing workaround. Customer satisfaction: 1/5.,1
TICKET-00109,CloudScale Inc,Commercial,Training,Documentation request,High,2025-08-14 21:43,2025-08-15 23:43,26,CloudScale Inc (Commercial) reported: Documentation request. Severity: High. Impacting business operations. ,Resolved by providing feature update. Customer satisfaction: 5/5.,5
TICKET-00110,StreamPro Corp,SMB,Training,How-to question,Low,2025-05-27 21:43,2025-06-01 02:43,101,StreamPro Corp (SMB) reported: How-to question. Severity: Low. ,Resolved by providing configuration change. Customer satisfaction: 5/5.,5
TICKET-00111,WorkflowPro Corp,Commercial,Feature,Feature request,Medium,2025-02-02 21:43,2025-02-05 22:43,73,WorkflowPro Corp (Commercial) reported: Feature request. Severity: Medium. ,Resolved by providing workaround. Customer satisfaction: 4/5.,4
TICKET-00112,ScaleSystems Inc,Enterprise,Training,Documentation request,High,2025-01-23 21:43,2025-01-25 11:43,38,ScaleSystems Inc (Enterprise) reported: Documentation request. Severity: High. Impacting business operations. ,Resolved by providing fix. Customer satisfaction: 2/5.,2
TICKET-00113,LogStream Corp,SMB,Training,How-to question,Critical,2025-01-10 21:43,2025-01-11 03:43,6,LogStream Corp (SMB) reported: How-to question. Severity: Critical. Impacting business operations. ,Resolved by providing workaround. Customer satisfaction: 5/5.,5
TICKET-00114,DisasterRecovery LLC,SMB,Billing,Plan change request,Low,2025-10-05 21:43,2025-10-10 22:43,121,DisasterRecovery LLC (SMB) reported: Plan change request. Severity: Low. ,Resolved by providing configuration change. Customer satisfaction: 3/5.,3
TICKET-00115,MonitorPlus Corp,SMB,Technical,Integration issue,Low,2025-08-30 21:43,2025-09-02 10:43,61,MonitorPlus Corp (SMB) reported: Integration issue. Severity: Low. ,Resolved by providing configuration change. Customer satisfaction: 2/5.,2
TICKET-00116,APIGateway LLC,Commercial,Training,Best practices,High,2025-07-27 21:43,2025-07-28 20:43,23,APIGateway LLC (Commercial) reported: Best practices. Severity: High. Impacting business operations. ,Resolved by providing documentation. Customer satisfaction: 5/5.,5
TICKET-00117,QueueManager LLC,Enterprise,Billing,Invoice question,Low,2025-01-15 21:43,2025-01-22 07:43,154,QueueManager LLC (Enterprise) reported: Invoice question. Severity: Low. ,Resolved by providing fix. Customer satisfaction: 4/5.,4
TICKET-00118,LoadBalance LLC,SMB,Billing,Invoice question,High,2025-11-09 21:43,2025-11-10 08:43,11,LoadBalance LLC (SMB) reported: Invoice question. Severity: High. Impacting business operations. ,Resolved by providing workaround. Customer satisfaction: 3/5.,3
TICKET-00119,SecureNet LLC,Enterprise,Training,Setup help,Critical,2024-11-10 21:43,2024-11-11 04:43,7,SecureNet LLC (Enterprise) reported: Setup help. Severity: Critical. Impacting business operations. ,Resolved by providing configuration change. Customer satisfaction: 4/5.,4
TICKET-00120,APIGateway Inc,Enterprise,Feature,UI/UX feedback,Medium,2025-08-30 21:43,2025-09-03 08:43,83,APIGateway Inc (Enterprise) reported: UI/UX feedback. Severity: Medium. ,Resolved by providing documentation. Customer satisfaction: 4/5.,4
TICKET-00121,DisasterRecovery LLC,SMB,Billing,Pricing clarification,Low,2025-09-02 21:43,2025-09-04 15:43,42,DisasterRecovery LLC (SMB) reported: Pricing clarification. Severity: Low. ,Resolved by providing fix. Customer satisfaction: 1/5.,1
TICKET-00122,ComplianceHub LLC,Enterprise,Training,Best practices,Medium,2025-09-27 21:43,2025-10-01 19:43,94,ComplianceHub LLC (Enterprise) reported: Best practices. Severity: Medium. ,Resolved by providing configuration change. Customer satisfaction: 4/5.,4
TICKET-00123,CacheMaster Corp,Enterprise,Training,Best practices,Critical,2025-03-22 21:43,2025-03-23 06:43,9,CacheMaster Corp (Enterprise) reported: Best practices. Severity: Critical. Impacting business operations. ,Resolved by providing configuration change. Customer satisfaction: 4/5.,4
TICKET-00124,MetricsDash Inc,SMB,Training,How-to question,Critical,2025-01-18 21:43,2025-01-19 09:43,12,MetricsDash Inc (SMB) reported: How-to question. Severity: Critical. Impacting business operations. ,Resolved by providing feature update. Customer satisfaction: 2/5.,2
TICKET-00125,AIForge LLC,Enterprise,Billing,Invoice question,Critical,2025-10-21 21:43,2025-10-22 09:43,12,AIForge LLC (Enterprise) reported: Invoice question. Severity: Critical. Impacting business operations. ,Resolved by providing workaround. Customer satisfaction: 3/5.,3
TICKET-00126,MicroServe LLC,Enterprise,Technical,Integration issue,High,2025-02-13 21:43,2025-02-15 06:43,33,MicroServe LLC (Enterprise) reported: Integration issue. Severity: High. Impacting business operations. ,Resolved by providing workaround. Customer satisfaction: 5/5.,5
TICKET-00127,DevTools Corp,SMB,Feature,UI/UX feedback,Low,2024-12-22 21:43,2024-12-29 15:43,162,DevTools Corp (SMB) reported: UI/UX feedback. Severity: Low. ,Resolved by providing documentation. Customer satisfaction: 5/5.,5
TICKET-00128,ContainerOps Inc,Commercial,Technical,Data sync problem,Critical,2025-03-22 21:43,2025-03-23 07:43,10,ContainerOps Inc (Commercial) reported: Data sync problem. Severity: Critical. Impacting business operations. ,Resolved by providing configuration change. Customer satisfaction: 3/5.,3
TICKET-00129,MetricsDash LLC,Commercial,Feature,Missing functionality,High,2024-11-19 21:43,2024-11-21 13:43,40,MetricsDash LLC (Commercial) reported: Missing functionality. Severity: High. Impacting business operations. ,Resolved by providing workaround. Customer satisfaction: 3/5.,3
TICKET-00130,MonitorPlus LLC,Enterprise,Feature,Missing functionality,High,2024-12-08 21:43,2024-12-10 16:43,43,MonitorPlus LLC (Enterprise) reported: Missing functionality. Severity: High. Impacting business operations. ,Resolved by providing documentation. Customer satisfaction: 1/5.,1
TICKET-00131,CloudScale Inc,SMB,Technical,Performance slow,Medium,2025-07-03 21:43,2025-07-07 15:43,90,CloudScale Inc (SMB) reported: Performance slow. Severity: Medium. ,Resolved by providing documentation. Customer satisfaction: 3/5.,3
TICKET-00132,LoadBalance LLC,SMB,Technical,Authentication failure,Medium,2025-08-12 21:43,2025-08-16 21:43,96,LoadBalance LLC (SMB) reported: Authentication failure. Severity: Medium. ,Resolved by providing documentation. Customer satisfaction: 4/5.,4
TICKET-00133,BackupCloud Inc,Commercial,Feature,UI/UX feedback,Low,2025-08-09 21:43,2025-08-14 12:43,111,BackupCloud Inc (Commercial) reported: UI/UX feedback. Severity: Low. ,Resolved by providing fix. Customer satisfaction: 1/5.,1
TICKET-00134,ContainerOps Inc,Commercial,Training,Documentation request,Critical,2025-07-11 21:43,2025-07-12 09:43,12,ContainerOps Inc (Commercial) reported: Documentation request. Severity: Critical. Impacting business operations. ,Resolved by providing fix. Customer satisfaction: 2/5.,2
TICKET-00135,MicroServe Corp,Commercial,Technical,Performance slow,Low,2025-09-11 21:43,2025-09-14 15:43,66,MicroServe Corp (Commercial) reported: Performance slow. Severity: Low. ,Resolved by providing configuration change. Customer satisfaction: 4/5.,4
TICKET-00136,CloudScale LLC,Commercial,Feature,UI/UX feedback,Critical,2024-11-25 21:43,2024-11-26 05:43,8,CloudScale LLC (Commercial) reported: UI/UX feedback. Severity: Critical. Impacting business operations. ,Resolved by providing fix. Customer satisfaction: 3/5.,3
TICKET-00137,DevTools LLC,SMB,Billing,Plan change request,High,2025-04-28 21:43,2025-04-30 10:43,37,DevTools LLC (SMB) reported: Plan change request. Severity: High. Impacting business operations. ,Resolved by providing workaround. Customer satisfaction: 1/5.,1
TICKET-00138,QueueManager Corp,Enterprise,Billing,Plan change request,High,2025-01-01 21:43,2025-01-02 22:43,25,QueueManager Corp (Enterprise) reported: Plan change request. Severity: High. Impacting business operations. ,Resolved by providing documentation. Customer satisfaction: 3/5.,3
TICKET-00139,BackupCloud Inc,Commercial,Training,Documentation request,Medium,2024-11-29 21:43,2024-12-03 12:43,87,BackupCloud Inc (Commercial) reported: Documentation request. Severity: Medium. ,Resolved by providing feature update. Customer satisfaction: 2/5.,2
TICKET-00140,ScaleSystems Corp,Enterprise,Feature,Workflow improvement,Low,2025-02-02 21:43,2025-02-03 23:43,26,ScaleSystems Corp (Enterprise) reported: Workflow improvement. Severity: Low. ,Resolved by providing workaround. Customer satisfaction: 1/5.,1
TICKET-00141,IntegrationHQ Inc,Enterprise,Technical,Data sync problem,Medium,2025-05-14 21:43,2025-05-16 21:43,48,IntegrationHQ Inc (Enterprise) reported: Data sync problem. Severity: Medium. ,Resolved by providing fix. Customer satisfaction: 3/5.,3
TICKET-00142,DataSync Inc,Enterprise,Technical,API error,Medium,2025-01-09 21:43,2025-01-13 13:43,88,DataSync Inc (Enterprise) reported: API error. Severity: Medium. ,Resolved by providing workaround. Customer satisfaction: 1/5.,1
TICKET-00143,CloudVision Corp,SMB,Training,Best practices,Medium,2025-09-14 21:43,2025-09-16 17:43,44,CloudVision Corp (SMB) reported: Best practices. Severity: Medium. ,Resolved by providing configuration change. Customer satisfaction: 3/5.,3
TICKET-00144,LogStream Inc,Enterprise,Training,Setup help,High,2025-04-05 21:43,2025-04-06 17:43,20,LogStream Inc (Enterprise) reported: Setup help. Severity: High. Impacting business operations. ,Resolved by providing workaround. Customer satisfaction: 2/5.,2
TICKET-00145,AIForge Inc,Commercial,Training,Setup help,High,2025-10-10 21:43,2025-10-11 17:43,20,AIForge Inc (Commercial) reported: Setup help. Severity: High. Impacting business operations. ,Resolved by providing configuration change. Customer satisfaction: 2/5.,2
TICKET-00146,CloudVision LLC,SMB,Training,Best practices,Critical,2024-12-14 21:43,2024-12-14 23:43,2,CloudVision LLC (SMB) reported: Best practices. Severity: Critical. Impacting business operations. ,Resolved by providing feature update. Customer satisfaction: 2/5.,2
TICKET-00147,AuditPro LLC,SMB,Technical,Data sync problem,Low,2025-06-30 21:43,2025-07-02 05:43,32,AuditPro LLC (SMB) reported: Data sync problem. Severity: Low. ,Resolved by providing workaround. Customer satisfaction: 1/5.,1
TICKET-00148,MicroServe Corp,Commercial,Training,How-to question,Medium,2025-02-28 21:43,2025-03-04 20:43,95,MicroServe Corp (Commercial) reported: How-to question. Severity: Medium. ,Resolved by providing workaround. Customer satisfaction: 1/5.,1
TICKET-00149,LogStream LLC,Commercial,Feature,Workflow improvement,Low,2025-04-23 21:43,2025-04-30 08:43,155,LogStream LLC (Commercial) reported: Workflow improvement. Severity: Low. ,Resolved by providing configuration change. Customer satisfaction: 4/5.,4
TICKET-00150,IntegrationHQ LLC,Enterprise,Technical,Authentication failure,Low,2025-07-17 21:43,2025-07-22 23:43,122,IntegrationHQ LLC (Enterprise) reported: Authentication failure. Severity: Low. ,Resolved by providing workaround. Customer satisfaction: 4/5.,4
TICKET-00151,MicroServe Corp,Commercial,Billing,Payment issue,Low,2025-04-18 21:43,2025-04-20 20:43,47,MicroServe Corp (Commercial) reported: Payment issue. Severity: Low. ,Resolved by providing feature update. Customer satisfaction: 3/5.,3
TICKET-00152,LoadBalance LLC,SMB,Training,Setup help,Medium,2024-12-13 21:43,2024-12-15 07:43,34,LoadBalance LLC (SMB) reported: Setup help. Severity: Medium. ,Resolved by providing workaround. Customer satisfaction: 5/5.,5
TICKET-00153,WorkflowPro Corp,SMB,Billing,Plan change request,High,2025-09-16 21:43,2025-09-18 08:43,35,WorkflowPro Corp (SMB) reported: Plan change request. Severity: High. Impacting business operations. ,Resolved by providing configuration change. Customer satisfaction: 1/5.,1
TICKET-00154,ComplianceHub Inc,SMB,Technical,Integration issue,Medium,2025-10-28 21:43,2025-10-31 23:43,74,ComplianceHub Inc (SMB) reported: Integration issue. Severity: Medium. ,Resolved by providing workaround. Customer satisfaction: 4/5.,4
TICKET-00155,BackupCloud Corp,Enterprise,Billing,Plan change request,Critical,2025-02-09 21:43,2025-02-09 22:43,1,BackupCloud Corp (Enterprise) reported: Plan change request. Severity: Critical. Impacting business operations. ,Resolved by providing documentation. Customer satisfaction: 1/5.,1
TICKET-00156,DataSync LLC,Enterprise,Technical,Data sync problem,Medium,2025-09-10 21:43,2025-09-14 20:43,95,DataSync LLC (Enterprise) reported: Data sync problem. Severity: Medium. ,Resolved by providing configuration change. Customer satisfaction: 5/5.,5
TICKET-00157,LogStream Corp,SMB,Feature,Missing functionality,Medium,2025-10-22 21:43,2025-10-25 23:43,74,LogStream Corp (SMB) reported: Missing functionality. Severity: Medium. ,Resolved by providing configuration change. Customer satisfaction: 1/5.,1
TICKET-00158,QueueManager Corp,SMB,Feature,Feature request,Medium,2025-11-02 21:43,2025-11-06 17:43,92,QueueManager Corp (SMB) reported: Feature request. Severity: Medium. ,Resolved by providing documentation. Customer satisfaction: 1/5.,1
TICKET-00159,DisasterRecovery Inc,Commercial,Feature,Missing functionality,Low,2025-09-16 21:43,2025-09-23 04:43,151,DisasterRecovery Inc (Commercial) reported: Missing functionality. Severity: Low. ,Resolved by providing feature update. Customer satisfaction: 5/5.,5
TICKET-00160,SecureNet Inc,SMB,Training,Setup help,Critical,2024-11-27 21:43,2024-11-28 03:43,6,SecureNet Inc (SMB) reported: Setup help. Severity: Critical. Impacting business operations. ,Resolved by providing feature update. Customer satisfaction: 1/5.,1
TICKET-00161,APIGateway Inc,Commercial,Feature,Missing functionality,Medium,2025-01-10 21:43,2025-01-13 03:43,54,APIGateway Inc (Commercial) reported: Missing functionality. Severity: Medium. ,Resolved by providing workaround. Customer satisfaction: 1/5.,1
TICKET-00162,AIForge Inc,Commercial,Feature,Workflow improvement,Medium,2025-01-30 21:43,2025-02-02 17:43,68,AIForge Inc (Commercial) reported: Workflow improvement. Severity: Medium. ,Resolved by providing feature update. Customer satisfaction: 2/5.,2
TICKET-00163,DataSync Inc,SMB,Training,Best practices,Critical,2025-11-01 21:43,2025-11-01 23:43,2,DataSync Inc (SMB) reported: Best practices. Severity: Critical. Impacting business operations. ,Resolved by providing workaround. Customer satisfaction: 1/5.,1
TICKET-00164,AnalyticsCo Inc,Enterprise,Billing,Plan change request,Critical,2024-11-19 21:43,2024-11-20 09:43,12,AnalyticsCo Inc (Enterprise) reported: Plan change request. Severity: Critical. Impacting business operations. ,Resolved by providing fix. Customer satisfaction: 2/5.,2
TICKET-00165,StreamPro Corp,Commercial,Training,Documentation request,Medium,2025-07-10 21:43,2025-07-14 15:43,90,StreamPro Corp (Commercial) reported: Documentation request. Severity: Medium. ,Resolved by providing feature update. Customer satisfaction: 1/5.,1
TICKET-00166,AnalyticsCo Corp,Commercial,Technical,Performance slow,Critical,2025-05-15 21:43,2025-05-15 22:43,1,AnalyticsCo Corp (Commercial) reported: Performance slow. Severity: Critical. Impacting business operations. ,Resolved by providing fix. Customer satisfaction: 5/5.,5
TICKET-00167,DevOpsHub Inc,Enterprise,Technical,Authentication failure,Medium,2025-05-08 21:43,2025-05-11 20:43,71,DevOpsHub Inc (Enterprise) reported: Authentication failure. Severity: Medium. ,Resolved by providing documentation. Customer satisfaction: 2/5.,2
TICKET-00168,DataSync Inc,SMB,Feature,UI/UX feedback,Medium,2025-02-28 21:43,2025-03-02 05:43,32,DataSync Inc (SMB) reported: UI/UX feedback. Severity: Medium. ,Resolved by providing workaround. Customer satisfaction: 1/5.,1
TICKET-00169,MonitorPlus LLC,Commercial,Feature,UI/UX feedback,High,2025-07-04 21:43,2025-07-06 16:43,43,MonitorPlus LLC (Commercial) reported: UI/UX feedback. Severity: High. Impacting business operations. ,Resolved by providing workaround. Customer satisfaction: 4/5.,4
TICKET-00170,InnovateLabs Corp,SMB,Feature,Feature request,Critical,2025-10-26 21:43,2025-10-27 06:43,9,InnovateLabs Corp (SMB) reported: Feature request. Severity: Critical. Impacting business operations. ,Resolved by providing workaround. Customer satisfaction: 1/5.,1
TICKET-00171,CacheMaster Inc,Enterprise,Training,Setup help,Medium,2025-04-09 21:43,2025-04-12 02:43,53,CacheMaster Inc (Enterprise) reported: Setup help. Severity: Medium. ,Resolved by providing workaround. Customer satisfaction: 2/5.,2
TICKET-00172,ScaleSystems Inc,SMB,Feature,UI/UX feedback,Critical,2025-07-30 21:43,2025-07-31 01:43,4,ScaleSystems Inc (SMB) reported: UI/UX feedback. Severity: Critical. Impacting business operations. ,Resolved by providing configuration change. Customer satisfaction: 1/5.,1
TICKET-00173,MicroServe LLC,SMB,Training,Best practices,Critical,2025-07-22 21:43,2025-07-23 00:43,3,MicroServe LLC (SMB) reported: Best practices. Severity: Critical. Impacting business operations. ,Resolved by providing documentation. Customer satisfaction: 4/5.,4
TICKET-00174,StreamPro LLC,Enterprise,Feature,Workflow improvement,Medium,2025-06-24 21:43,2025-06-27 03:43,54,StreamPro LLC (Enterprise) reported: Workflow improvement. Severity: Medium. ,Resolved by providing workaround. Customer satisfaction: 2/5.,2
TICKET-00175,SecurityFirst Corp,SMB,Billing,Pricing clarification,Critical,2025-09-14 21:43,2025-09-15 05:43,8,SecurityFirst Corp (SMB) reported: Pricing clarification. Severity: Critical. Impacting business operations. ,Resolved by providing fix. Customer satisfaction: 4/5.,4
TICKET-00176,AuditPro LLC,SMB,Billing,Pricing clarification,Medium,2024-12-18 21:43,2024-12-22 10:43,85,AuditPro LLC (SMB) reported: Pricing clarification. Severity: Medium. ,Resolved by providing fix. Customer satisfaction: 5/5.,5
TICKET-00177,CloudVision LLC,Enterprise,Training,Best practices,Critical,2025-01-11 21:43,2025-01-12 05:43,8,CloudVision LLC (Enterprise) reported: Best practices. Severity: Critical. Impacting business operations. ,Resolved by providing workaround. Customer satisfaction: 3/5.,3
TICKET-00178,ComplianceHub LLC,Enterprise,Feature,Feature request,Critical,2025-05-26 21:43,2025-05-27 07:43,10,ComplianceHub LLC (Enterprise) reported: Feature request. Severity: Critical. Impacting business operations. ,Resolved by providing feature update. Customer satisfaction: 2/5.,2
TICKET-00179,StreamPro Corp,SMB,Training,How-to question,Critical,2025-10-20 21:43,2025-10-21 09:43,12,StreamPro Corp (SMB) reported: How-to question. Severity: Critical. Impacting business operations. ,Resolved by providing workaround. Customer satisfaction: 5/5.,5
TICKET-00180,IntegrationHQ Corp,Commercial,Training,How-to question,Critical,2025-03-23 21:43,2025-03-24 01:43,4,IntegrationHQ Corp (Commercial) reported: How-to question. Severity: Critical. Impacting business operations. ,Resolved by providing feature update. Customer satisfaction: 1/5.,1
TICKET-00181,AuditPro Inc,Enterprise,Training,Best practices,High,2025-09-03 21:43,2025-09-04 19:43,22,AuditPro Inc (Enterprise) reported: Best practices. Severity: High. Impacting business operations. ,Resolved by providing workaround. Customer satisfaction: 2/5.,2
TICKET-00182,TechFlow LLC,Enterprise,Billing,Pricing clarification,Critical,2024-11-14 21:43,2024-11-15 07:43,10,TechFlow LLC (Enterprise) reported: Pricing clarification. Severity: Critical. Impacting business operations. ,Resolved by providing workaround. Customer satisfaction: 5/5.,5
TICKET-00183,DataBridge LLC,SMB,Training,Best practices,Critical,2025-05-04 21:43,2025-05-05 09:43,12,DataBridge LLC (SMB) reported: Best practices. Severity: Critical. Impacting business operations. ,Resolved by providing workaround. Customer satisfaction: 1/5.,1
TICKET-00184,WorkflowPro Corp,Commercial,Technical,Performance slow,High,2025-04-05 21:43,2025-04-07 21:43,48,WorkflowPro Corp (Commercial) reported: Performance slow. Severity: High. Impacting business operations. ,Resolved by providing feature update. Customer satisfaction: 5/5.,5
TICKET-00185,MicroServe Inc,Enterprise,Technical,Authentication failure,Low,2025-05-22 21:43,2025-05-29 08:43,155,MicroServe Inc (Enterprise) reported: Authentication failure. Severity: Low. ,Resolved by providing workaround. Customer satisfaction: 3/5.,3
TICKET-00186,InnovateLabs LLC,Commercial,Training,How-to question,High,2025-05-06 21:43,2025-05-07 12:43,15,InnovateLabs LLC (Commercial) reported: How-to question. Severity: High. Impacting business operations. ,Resolved by providing workaround. Customer satisfaction: 5/5.,5
TICKET-00187,APIGateway Corp,SMB,Feature,Workflow improvement,Low,2025-07-10 21:43,2025-07-16 23:43,146,APIGateway Corp (SMB) reported: Workflow improvement. Severity: Low. ,Resolved by providing fix. Customer satisfaction: 5/5.,5
TICKET-00188,AuditPro Corp,SMB,Billing,Payment issue,Critical,2025-06-26 21:43,2025-06-27 02:43,5,AuditPro Corp (SMB) reported: Payment issue. Severity: Critical. Impacting business operations. ,Resolved by providing workaround. Customer satisfaction: 1/5.,1
TICKET-00189,MetricsDash LLC,Commercial,Training,How-to question,High,2025-03-14 21:43,2025-03-16 05:43,32,MetricsDash LLC (Commercial) reported: How-to question. Severity: High. Impacting business operations. ,Resolved by providing documentation. Customer satisfaction: 5/5.,5
TICKET-00190,BackupCloud Corp,Enterprise,Technical,Integration issue,Low,2025-03-20 21:43,2025-03-22 17:43,44,BackupCloud Corp (Enterprise) reported: Integration issue. Severity: Low. ,Resolved by providing fix. Customer satisfaction: 4/5.,4
TICKET-00191,CodeCraft Inc,SMB,Feature,Workflow improvement,Medium,2025-09-13 21:43,2025-09-17 00:43,75,CodeCraft Inc (SMB) reported: Workflow improvement. Severity: Medium. ,Resolved by providing fix. Customer satisfaction: 2/5.,2
TICKET-00192,DevTools Corp,SMB,Billing,Plan change request,Medium,2024-11-25 21:43,2024-11-28 21:43,72,DevTools Corp (SMB) reported: Plan change request. Severity: Medium. ,Resolved by providing configuration change. Customer satisfaction: 3/5.,3
TICKET-00193,DataBridge Corp,Enterprise,Technical,Performance slow,Low,2025-08-05 21:43,2025-08-07 02:43,29,DataBridge Corp (Enterprise) reported: Performance slow. Severity: Low. ,Resolved by providing feature update. Customer satisfaction: 2/5.,2
TICKET-00194,MonitorPlus LLC,Commercial,Billing,Payment issue,Critical,2025-03-06 21:43,2025-03-07 05:43,8,MonitorPlus LLC (Commercial) reported: Payment issue. Severity: Critical. Impacting business operations. ,Resolved by providing feature update. Customer satisfaction: 3/5.,3
TICKET-00195,StreamPro LLC,SMB,Billing,Pricing clarification,High,2025-03-07 21:43,2025-03-08 19:43,22,StreamPro LLC (SMB) reported: Pricing clarification. Severity: High. Impacting business operations. ,Resolved by providing fix. Customer satisfaction: 1/5.,1
TICKET-00196,MetricsDash LLC,Commercial,Feature,Feature request,High,2024-11-10 21:43,2024-11-11 12:43,15,MetricsDash LLC (Commercial) reported: Feature request. Severity: High. Impacting business operations. ,Resolved by providing fix. Customer satisfaction: 2/5.,2
TICKET-00197,AnalyticsCo Inc,SMB,Technical,Performance slow,Medium,2025-01-19 21:43,2025-01-22 17:43,68,AnalyticsCo Inc (SMB) reported: Performance slow. Severity: Medium. ,Resolved by providing documentation. Customer satisfaction: 3/5.,3
TICKET-00198,AnalyticsCo Inc,Enterprise,Technical,Performance slow,Medium,2025-05-17 21:43,2025-05-20 08:43,59,AnalyticsCo Inc (Enterprise) reported: Performance slow. Severity: Medium. ,Resolved by providing feature update. Customer satisfaction: 4/5.,4
TICKET-00199,AnalyticsCo Corp,Commercial,Technical,API error,Critical,2025-04-16 21:43,2025-04-17 00:43,3,AnalyticsCo Corp (Commercial) reported: API error. Severity: Critical. Impacting business operations. ,Resolved by providing documentation. Customer satisfaction: 4/5.,4
TICKET-00200,StreamPro Inc,Enterprise,Billing,Payment issue,High,2025-03-12 21:43,2025-03-14 13:43,40,StreamPro Inc (Enterprise) reported: Payment issue. Severity: High. Impacting business operations. ,Resolved by providing feature update. Customer satisfaction: 2/5.,2
